剧名,年份,导演,编剧,主演,类型,制片国家/地区,集数,单集片长/分钟,豆瓣评分,评价人数/人
倚天屠龙记,1986,王天林,谭_ / 关展博 / ___ / _惠玲 / 李_萍 / _柏能,梁朝伟 / 黎美娴 / 邓萃雯 / 邵美琪 / 郑裕玲 / 任达华 / 曾江 / 鲍方 / 黄韵材 / 龙天生 / 廖启智 / 艾威 / 戴志伟 / 李_佳 / 何__ / 刘兆铭 / 吴家丽 / 黎汉持 / 陶大宇 / 胡美仪 / 蓝天 / 许绍雄 / 朱铁和 / 秦煌 / 廖骏雄 / 麦子云 / 曾玮明 / 张雷 / 梁鸿华 / 麦皓为 / 陈狄克 / 吴茜薇 / 关海山 / 白茵 / 曾华倩 / 李香琴 / 容惠雯 / 黄敏仪 / 罗兰 / 苏杏璇 / 梁爱 / 刘江 / 张英才 / 何壁坚 / 高雄 / 刘丹 / 高妙思 / 陈国权 / 黄新 / 冯国 / 郑家生  / 黎耀祥 / 陈荣峻 / 何贵林 / 谢宁 / 谭炳文 / 刘碧仪 / 叶天行 / 曾慧云 / 吴丽珠 / 骆应钧 / 虞天伟 / 黄一飞 / 杨菁菁 / 焦雄 / 关菁 / 凌汉 / 曾道美 / 罗国维 / 林俊贤 / 陈惠瑜 / 孙季卿 / 林嘉丽 / 郭追 / 石坚 / 刘国诚 / 王书麒 / 陈安莹,剧情 / 动作 / 武侠 / 古装,中国大陆 / 香港,40,42,7.9,2076
一代枭雄,1986,,,王华 / 范冬雨 / 李芸 / 陈观泰 / 夏天 / 古扎丽努尔,动作 / 传记 / 武侠,中国大陆 / 香港,10,,7.8,56
乱世香港,1990,王史创 / 段果平 / 张晓虎,杨白钊,李世轩 / 张青 / 袁玫 / 郭昶 / 程前,,中国大陆 / 香港,40,,7.8,335
雪山飞狐,1991,李朝永,金庸,孟飞 / 龚慈恩 / 伍宇娟 / 慕思成 / 汤镇宗 / 王璐瑶,剧情 / 武侠 / 古装,中国大陆 / 台湾,40,53,7.8,11251
戏说乾隆第二部,1993,范秀明 / 李力安,,郑少秋 / 黎美娴 / 江淑娜,剧情 / 古装,中国大陆 / 香港 / 台湾,20,40,7.4,1626
九命奇冤梁天来,1993,陈树楷,黄浩华,张家辉 / 蔡晓仪 / 邵传勇 / 谭炳文,剧情 / 古装,中国大陆 / 香港,30,,6.9,50
包青天,1993,孙树培,陈文贵 / 温丽芳 / 邓育_ / 陈曼玲 / 蔡文杰,金超群 / 何家劲 / 范鸿轩 / 蔡文杰 / 邓育_ / 陈曼玲 / 周平 / 乔安 / 梁立寅 / 李昌民 / 韦辛 / 叶云樵 / 姚庆康 / 温丽芳 / 李小宁 / 赖慧中 / 宋文仲 / 李宜,剧情 / 历史 / 武侠 / 古装,香港 / 台湾,,47,8,34110
侠义见青天,1994,赖水清,徐达初,刘松仁 / 叶童 / 张世 / 万梓良 / 恬妞 / 谢祖武,武侠,中国大陆 / 香港 / 台湾,40,,7.3,78
厦门新娘,1995,林福地 / 天骐 / 谢一德 / 郭东华/,王中平,廖峻 / 黎燕珊 / 林炜,剧情 / 爱情 / 家庭,中国大陆 / 台湾,40,40,8.2,203
新包青天,1995,陈宇超 / 梁天,阮少娜 / 刘治华 / 钟政良 / 韦辛 / 金超群,金超群 / 范鸿轩 / 吕良伟 / 陈德容 / 苗侨伟 / 蔡晓仪 / 焦恩俊 / 马景涛 / 林心如 / 刘德凯 / 米雪 / 万绮雯,剧情 / 悬疑 / 古装,中国大陆 / 香港,160,40,8.1,518
傻阿甘,1995,邓育庆,邓育_,邱心志 / 刘雪华 / 张晨光 / 归亚蕾 / 刘德凯 / 薛佳凝,剧情 / 爱情,中国大陆 / 台湾,26,40,7.6,269
三国英雄传之关公,1995,王重光,邓育昆 / 董川,勾峰 / 邱于庭 / 张俊建 / 崔浩然 / 赵树海 / 龙 隆 / 龚慈恩 / 岳　翎 / 关咏荷,剧情 / 历史 / 武侠 / 古装,香港 / 台湾,44,45,6.5,203
喜乐会,1996,李国立,,潘虹 / 刘松仁 / 恬妞 / 林熙蕾 / 黄磊 / 方中信 / 罗慧娟 / 王渝文 / 林俊贤 / 张国柱,,中国大陆 / 香港 / 台湾,30,,8.6,265
路客与刀客,1996,李惠民 / 苏自由 / 邓南,杜梓杰,刘德凯 / 吴毅将 / 钱小豪 / 张兆辉 / 郭晋安 / 关礼杰 / 吕颂贤 / 翁虹 / 林国斌,,中国大陆 / 香港 / 台湾,40,,8.4,547
香港的故事,1996,王进 / 谢晓嵋 / 施扬平,陈爱民 / 何冀平 / 吴沧洲 / 朱岩,李媛媛 / 刘文治  / 陈庭威 / 陶虹 / 邢岷山 / 普超英,,中国大陆 / 香港,29,,8,275
僵尸道长2,1996,林正英,林忠邦 / 李绮华,林正英 / 尹天照 / 杨恭如 / 文颂娴 / 林文龙,爱情 / 奇幻 / 古装,中国大陆 / 香港,50,45,8,2658
情剑山河,1996,浦腾晋,,何晴 / 黎燕珊 / 秦风 / 吴兴国,爱情 / 历史 / 古装,中国大陆 / 香港,42,40,7.8,668
情定少林寺,1996,李朝永 / 王圻生 / 龙冠武,,_娜 / 林芳兵 / 王伯昭 / 徐敏 / 陈法蓉 / 周绍栋,古装,中国大陆 / 台湾,30,,7.3,203
火烧阿房_,1996,李翰祥 / 夏祖辉,高阳 / 吕红,刘晓庆 / __宇 / 张山,剧情 / 爱情 / 历史 / 战争 / 古装,中国大陆 / 香港,40,40,6.4,141
聊斋,1996,_仕裕,丁善玺,罗嘉良 / 俞小凡 / 杨丽菁 / 钱小豪 / 陈鸿烈,爱情 / 奇幻 / 古装,香港 / 台湾,35,46,7.9,916
京都神探,1997,刘国权 / 李大维,孔季华 / 柯章和 / 王端阳,孙松 / 吴孟达 / 牛振华 / 盖丽丽 / 方舒 / 戴娆 / 廖学秋 / 杜鹏 / 莫歧 / 蒋勤勤 / 霍思燕 / 徐锦江 / 普超英 / 李诚 / 马崇乐 / 翁虹 / 陈强,,中国大陆 / 香港,21,,7.4,82
花帜,1997,招_栋,梁凤仪,刘嘉玲 / 潘 红 / 黄百鸣 / 狄波拉 / 谢 贤 / 曾江 / 汤镇宗 / 倪 震,,中国大陆 / 香港,12,,7.2,106
京港爱情线,1997,李国立,程雅志,李亚鹏 / 王学圻 / 王柠 / 龚蓓_ / 陈豪 / 叶广俭 / 陈海恒 / 李勤勤 / 吴倩莲 / 张子健 / 陈慧 / 王百瑜 / 郭晋安 / 陈建斌 / 钟楚雄,剧情 / 爱情,中国大陆 / 香港,20,40,7.1,2547
还珠格格,1998,孙树培,琼瑶,赵薇 / 苏有朋 / 林心如 / 周杰 / 陈志朋 / 范冰冰 / 张铁林 / 戴春荣 / 李明启 / 赵丽娟 / 张恒 / 陈莹 / 陆诗雨 / 刘芳 / 刘丹 / 薛俨 / 李楠 / 鱼梦洁 / 刘芳毓 / 艾洋 / 董伟 / 张巍 / 游龙 / 苗皓钧 / 朱景隆 / 王奕 / 刘伟 / 郑佳欣 / 杨东 / 王坤 / 温海波,剧情 / 喜剧 / 动作 / 爱情 / 古装,中国大陆 / 台湾,24,45,8.3,94931
计中计状元财,1998,范秀明,,郑丹瑞 / 于莉 / 刘玉婷 / 马景涛 / 刘德凯 / 关礼杰 / 俞小凡 / 蔡少芬 / 孙兴 / 刘雪华,,中国大陆 / 香港 / 台湾,80,,7.5,87
花木兰,1998,赖水清 / 李惠民,关展博 / 陈丽华,袁咏仪 / 赵文卓 / 孙兴 / 钮承泽 / 郑佩佩 / 李立群 / 李志希 / 关礼杰 / 岳跃利 / 刘孜 / 张铁林 / 陈宝国 / 焦恩俊 / 葛蕾 / 崔红红 / 王茜 / 董晓燕 / 金书贵 / 刘家 / 叮当 / 阴爱国 / 刘勇 / 黑子 / 杜连孝 / 屈中恒 / 杜鹏 / 乌兰齐齐格 / 李振起 / 晋松 / 贺镪 / 蓝英君 / 王芙娟,动作 / 武侠,中国大陆 / 台湾,48,45,7.4,17877
苍天有泪,1998,李平,琼瑶,焦恩俊 / 朱茵 / 蒋勤勤 / 庹宗华 / 陈昭荣 / 陈明真 / 岳跃利 / 邓婕 / 韩振华,剧情 / 爱情,中国大陆 / 台湾,24,43,7.4,9071
上海之恋,1998,张建国 / 曾丽珍 / 朱锐斌,,宁静 / 丁子峻 / 蒙嘉慧 / 梁家仁,爱情,中国大陆 / 香港,20,,7.3,1462
战国红颜,1998,张健伟,李晓明,张敏 / 童安格 / 唐国强 / 刘瑞琪 / 柯蓝,爱情 / 历史,中国大陆 / 台湾,40,40,6.5,355
神雕侠侣,1998,李惠民 / 赖水清,关展博 / 陈丽华,任贤齐 / 吴倩莲 / 孙兴 / 季芹 / 李立群 / 夏文汐 / 蔡君茹 / 高捷 / 陈红 / 岳跃利 / 涂松岩,武侠 / 古装,中国大陆 / 台湾,47,45,5,6549
穆桂英之大破天门阵,1998,杨绍鸿,梁天,焦恩俊 / 陈秀雯 / 林韦辰 / 文颂娴 / 曹翠芬 / 龙贯天 / 宫雪花 / 杨泽霖 / 鲍起静 / 马宗德 / 谭炳文 / 宗扬 / 曾玮明 / 黄瑷瑶 / 陶安仁 / 谭少瑛 / 陈丽云 / 饶芷昀 / 吴浣仪 / 朱燕珍 / 苏昶 / 司马华龙 / 郑恕峰 / 甘山 / 关键 / 冼灏英 / 卢惠光 / 郭金 / 冯国 / 梁锦荣 / 吴霆,剧情,香港 / 台湾,32,45,7.9,1432
财神爷,1998,林雪兰,王启基,黄文永 / 陈秀丽 / 丁岚,,中国大陆 / 香港,20,45,7.3,42
儿女英雄传,1999,蒋家俊,,元彪 / 贾静雯 / 曹颖 / 马伊_ / 黄奕,剧情 / 动作 / 爱情 / 历史 / 武侠,中国大陆 / 香港,40,,7.7,879
还珠格格第二部,1999,李平 / 孙树培,琼瑶,赵薇 / 苏有朋 / 张铁林 / 周杰 / 林心如 / 范冰冰 / 刘丹 / 牟凤彬 / 王艳 / 赵敏芬 / 戴春荣 / 赵丽娟 / 李明启 / 朱宏嘉 / 陆诗雨 / 陈莹 / 薛严 / 刘伟 / 鱼梦洁 / 李冰俏,剧情 / 喜剧 / 动作 / 爱情 / 古装,中国大陆 / 台湾,48,48,7.6,58509
风云密支那,1999,招振强,张晓亚,陆剑民 / 黎彩妮 / 林熙越,剧情,中国大陆 / 香港,23,40,7.6,59
小李飞刀,1999,袁和平 / 鲁晓威 / 李翰韬,陈文贵 / 朱羽,焦恩俊 / 贾静雯 / 俞飞鸿 / 萧蔷 / 吴京 / 范冰冰 / 林利 / 郑佳欣 / 陈凯 / 高雄 / 任泉,武侠 / 古装,中国大陆 / 台湾,40,45,7.4,36341
绝代双骄,1999,李国立,秋婷,林志颖 / 苏有朋 / 陈德容 / 李绮虹 / 郑嘉颖 / 林瑞阳 / 于莉 / 李立群 / 张瑞竹,剧情 / 武侠 / 古装,中国大陆 / 台湾,40,,7.3,32955
新少林寺,1999,袁和平 / 张鑫炎 / 张之亮 / 鞠觉亮,施扬平 / 孙悦遐 / 李洪洲 / 李树型,樊少皇 / 吴京 / 朱茵 / 钱小豪,动作 / 历史 / 武侠 / 古装,中国大陆 / 台湾,20,,6.9,540
达摩祖师,1999,蒲腾晋 / 袁英明,刘莹 / 赵玉岗 / 林慧津,吕良伟 / 俞小凡 / 翁虹 / 杨丽菁 / 陈明真 / 杨恭如 / 蒋勤勤 / 范冰冰 / 孙莉 / 李小冉 / 王彤 / 刘思彤 / 连静雯 / 屈中恒,剧情 / 奇幻 / 武侠 / 古装,中国大陆 / 台湾,40,50,6.3,2409
家有仙妻2,1999,伍宗德,张凤鸣,萧蔷 / 赵本山 / 那英 / 宫雪花 / 孙兴 / 谢祖武 / 戈伟如 / 李又麟,剧情 / 喜剧 / 爱情 / 家庭,中国大陆 / 台湾,40,40,7.1,2217
球爱情缘,2000,,,陶大宇 / 陈海恒 / 谢可可,爱情,中国大陆 / 香港,30,,7.1,44
紫荆勋章,2000,潘小扬,,杨恭如 / 何政军 / 曾江 / 姚橹 / 王思懿,剧情 / 爱情,中国大陆 / 香港,20,45,7,63
绝命鸳鸯,2000,李翰韬 / 杨志坚,古龙,吴京 / 季芹 / 陈俊生 / 张恒 / 蔡依蕴 / 陈志朋,剧情 / 古装,中国大陆 / 台湾,30,,6.8,576
包公出巡之威震金陵,2000,金鳌勋,韦辛,金超群 / 焦恩俊 / 范鸿轩 / 唐国强,剧情 / 传记 / 古装,中国大陆 / 台湾,10,45,6.7,62
包公出巡之龙凤肚兜,2000,王玫,金超群 / 韦辛,金超群 / 焦恩俊 / 张铁林 / 范鸿轩 / 夏雨,动作 / 古装,中国大陆 / 台湾,10,40,6.6,57
侠女闯天关,2000,朱延平,江佩玲,赵薇 / 吴奇隆 / 顾宝明 / 郝劭文 / 曹骏 / 岳跃利 / 刘孜,剧情 / 喜剧 / 动作,中国大陆 / 香港 / 台湾,31,40,6.4,14126
天地传说之鱼美人,2000,卫翰韬 / 郑基成 / 黄伟明,秋婷,徐怀钰 / 郭晋安 / 张智尧 / 孙莉 / 郑嘉颖 / 梁家仁 / 何嘉文 / 杨_娜 / 刘牧 / 葛蕾 / 姜鸿,爱情 / 奇幻 / 古装,香港 / 台湾,20,40,7.3,16461
小宝与康熙,2000,潘文杰 / 梁德华,金庸,张卫健 / 林心如 / 朱茵 / 舒淇 / 陈法蓉 / 吴辰君 / 张茜 / 麦家琪 / 谭耀文 / 郑伊健 / 吴孟达 / 梁家仁 / 徐锦江 / 黄一飞 / 卓凡,剧情 / 喜剧 / 爱情 / 古装,香港 / 台湾,42,45,7,16627
机灵小不懂,2001,马精武 / 靳德茂,,张卫健 / 李冰冰 / 聂远 / 何美钿 / 罗家英 / 马精武 / 薛佳凝 / 李进荣 / 王元禄 / 薛文成 / 谭建昌 / 沈晓海 / 黄海冰 / 曹俊 / 黄_,剧情 / 喜剧 / 古装,中国大陆 / 香港,30,45,7.3,27505
少年张三丰,2001,梁德龙,李卫聪,张卫健 / 李冰冰 / 李小璐 / 苏有朋 / 林心如 / 严屹宽 / 王艳 / 张铁林 / 胡静 / 牛萌萌 / 杜玉明,动作 / 爱情 / 武侠 / 古装,中国大陆 / 台湾,40,,7.1,28220
情深深雨__,2001,李平,琼瑶,赵薇 / 古巨基 / 林心如 / 苏有朋 / 寇振海 / 李钰 / 高鑫 / 王琳 / 徐幸 / 孙俪,剧情 / 爱情 / 音乐 / 战争,中国大陆 / 台湾,46,40,7.1,65204
九岁县太爷,2001,黄海刚,贺恒祥,曹骏 / 释小龙 / 吴孟达 / 曹颖 / 王光辉 / 李岚 / 李志舆 / 高宝宝 / 方子哥 / 沈保平 / 李大强,剧情 / 喜剧,中国大陆 / 香港,35,55,6.4,11142
四大名捕斗将军,2001,吴耀权 / 刘海波 / 张敬业,赖汉初,何润东 / 黄少祺 / 沈傲君 / 陈怡蓉 / 聂远,剧情 / 古装,中国大陆 / 台湾,40,,6,1639
多情刀客无情刀短刀行,2001,鞠国亮 / 浦腾晋,郭筝,张卫健 / 刘玉婷 / 林小楼,喜剧 / 动作 / 武侠 / 古装,香港 / 台湾,16,45,7.9,672
武状元苏灿,2001,杨绍鸿,,谢君豪 / 罗家英 / 何宝生 / 张茜 / 谢娜,喜剧 / 爱情 / 古装,香港 / 台湾,20,,7.3,70
半生缘,2002,胡雪杨,张爱玲 / 胡_,林心如 / 蒋勤勤 / 谭耀文 / 李立群 / 胡可 / 常铖 / 邢岷山 / 刘小锋,剧情 / 爱情,中国大陆 / 台湾,35,48,7,14916
大醉侠,2002,Yan Ying Hong,黄金苍 / 林月芳,赵文卓 / 杨恭如 / 莫少聪 / 杨若兮 / 贾一平 / 梁静 / 董晓燕 / 李勇勇 / 于月仙 / 叮当,剧情 / 爱情 / 奇幻 / 武侠 / 古装,中国大陆 / 香港,40,45,6.6,1380
七品钦差刘罗锅,2002,高建国,路远,陈小春 / 刘小锋 / 徐少强 / 涓子 / 叶童,剧情 / 喜剧 / 历史 / 武侠 / 古装,中国大陆 / 香港,40,40,6.4,223
E网情深,2002,李敬华,陈心豪,陆毅 / 陈浩民 / 佟大为 / 蒋虹 / 郑嘉颖 / 叶璇,剧情,中国大陆 / 香港,20,,6.1,3292
齐天大圣孙悟空,2002,冯柏源 / 黄伟明 / 李文龙,萧若元 / 陈文强 / 叶广荫,张卫健 / 梁汉文 / 李灿森 / 葛民辉 / 杨恭如 / 蔡卓妍 / 钟欣潼 / 谢霆锋 / 林志颖 / 徐熙媛 / 袁咏仪 / 郑秀文 / 徐怀钰,喜剧 / 奇幻,香港 / 台湾,40,45,6.8,11276
倚天屠龙记,2003,杨韬 / 赖水清,陈兵 / 张敬 / 韦辛,苏有朋 / 贾静雯 / 高圆圆 / 张国立 / 张铁林 / 陶虹 / 徐锦江 / 王刚 / 郭妃丽 / 释小龙 / 梁天 / 董晓燕 / 陈紫函 / 阎青妤 / 严敏裘 / 陈秀丽 / 鲍逸琳 / 林静 / 袁苑 / 姬麒麟 / 刘长生 / 于文仲 / 杜玉明 / 韩夫一 / 刘恒宇 / 王岗 / 叶静 / 晋松 / 詹小楠 / 刘思彤 / 李庆祥 / 郝柏杰 / 沈保平,武侠 / 古装,中国大陆 / 香港 / 台湾,40,48,8.1,51948
黑雾,2003,庞好,张成功,王志文 / 陶泽如 / 刘威 / 张晓林 / 田海蓉 / 吕凉 / 孔维,剧情,中国大陆 / 香港,24,40,7.4,165
飞刀又见飞刀,2003,申学兵,关展博 / 陈丽华,张智霖 / 林心如 / 董洁 / 高鑫 / 寇振海 / 岳跃利 / 孙兴 / 郑国霖 / 李学庆 / 刘卫华 / 韩雪,剧情 / 动作 / 爱情,中国大陆 / 台湾,43,45,6.8,3689
奔月,2003,潘文杰,阮少娜,范文芳 / 李铭顺 / 温峥嵘 / 连凯 / 吴家丽 / 郑安伦 / 刘威 / 王绘春 / 郑则仕 / 徐锦江 / 李进荣,剧情 / 爱情 / 奇幻,中国大陆 / 台湾,30,45,6.5,1658
无盐女,2003,胡香兰 / 文清,王少波,潘虹 / 何苗 / 邱心志 / 潘仪君 / 沈晓海 / 斯琴高娃 / 许还山 / 徐敏 / 高峰 / 葛蕾 / 方圆 / 夏志祥 / 石亚军 / 钟鑫培 / 夏泰立 / 袁岷 / 蔡晶 / 蒋林静,爱情 / 古装,中国大陆 / 台湾,40,,6.3,801
金剑雕翎,2003,王奕开,中亚编剧小组,黄坤玄 / 罗海琼 / 于荣光 / 连奕名 / 刘莉莉 / 汪芫 / 徐筠 / 张蓓蓓,武侠 / 古装,中国大陆 / 台湾,39,,5.8,258
还珠格格第三部,2003,李平 / 丁仰国,琼瑶,黄奕 / 古巨基 / 周杰 / 马伊_ / 王艳 / 黄晓明 / 刘涛 / 秦岚 / 狄龙,剧情 / 爱情,中国大陆 / 香港 / 台湾,40,45,4.8,24596
恋香,2003,杨大庆,刘玮慈,彭于晏 / 秋瓷炫 / 刘松仁 / 沈时华 / 许玮伦 / 吴建宇 / 白吉胜 / 李欣 / 明智妍 / 李喜真 / 康珉_ / 裴美子,爱情,香港 / 台湾,30,,7.7,2135
凤凰大视野,2004,凤凰卫视,,曾子墨,,中国大陆 / 香港,5,30,7.5,165
绝世双骄,2004,邓衍成 / 梁国冠 / 黄伟杰 / 马华干 / 陈国华 / 陈桂纶,黄浩华 / 杨基 / 谭伟成 / 陈成东,林志颖 / 李小璐 / 天心 / 唐宸禹 / 吴启华 / 于莉 / 郑国霖 / 张瑞竹 / 苏有朋 / 徐锦江,剧情 / 爱情 / 武侠 / 古装,中国大陆 / 台湾,40,46,6.5,3869
月上江南之狄仁杰洗冤录,2004,刘仕裕,张晓亚 / 应红,欧阳震华 / 刘孜 / 谢娜 / 陈莎莉 / 宁静 / 王学兵,喜剧 / 爱情,中国大陆 / 香港 / 台湾,31,40,5.5,107
升空高飞,2004,,,庹宗华 / 陈浩民 / 张玉华 / 江祖平 / 张琼姿,剧情,香港 / 台湾,25,,7,188
泪痕剑,2005,李路 / 杨小雄,古龙,焦恩俊 / 蔡少芬 / 王辉 / 常铖 / 汤钧禧 / 高露 / 张晋,剧情 / 武侠,中国大陆 / 香港,35,40,7.8,696
京华烟云,2005,张子恩,林语堂 / 张永琛,赵薇 / 潘粤明 / 邱琦雯 / 陈宝国 / 黄维德 / 王刚 / 赵奎娥,剧情 / 爱情 / 家庭 / 战争,中国大陆 / 台湾,44,46,7.8,24251
天下第一,2005,邓衍成 / 韦丽园,王晶 / 林强,李亚鹏 / 郭晋安 / 霍建华 / 张卫健 / 高圆圆 / 黄圣依 / 刘松仁 / 陈怡蓉 / 叶璇 / 李建义 / 邓超 / 汤镇业 / 陈法蓉 / 唐群,动作 / 爱情 / 古装,中国大陆 / 香港 / 台湾,35,45,7.7,25329
蒲公英,2005,于建福,陶海,胡歌 / 孙莉 / 关颖 / 袁弘 / 杜志国 / 谭耀文 / 洪乙心 / 潘仪君 / 陶泽如 / 郑佩佩,剧情 / 爱情,中国大陆 / 台湾,22,40,7.4,1709
八大豪侠,2005,王晶,王晶,黄秋生 / 陈冠希 / 刘松仁 / 李冰冰 / 林子聪 / 董璇 / 李小璐 / 范冰冰 / 郑晓东 / 韩晓 / 陆毅,剧情 / 武侠,中国大陆 / 香港,40,,6.5,6181
夜半歌声,2005,黄磊,黄磊,徐熙媛 / 黄磊 / 何润东 / 孙莉 / 刘德凯,剧情,中国大陆 / 台湾,30,,6.4,471
美丽新天地,2005,蒋家骏 / 龙绍基,邓紫珊,张智霖 / 杨恭如 / 范冰冰 / 高云翔 / 邓健泓 / 苑琼丹,剧情 / 爱情,中国大陆 / 香港,26,45,6.2,319
烧饼皇后,2005,李岳,,关咏荷 / 郭晋安 / 黄宗洛 / 戴娇倩 / 刘洁,剧情 / 古装,中国大陆 / 香港,19,,6.1,1400
24小时警事,2005,刘惠宁,唐礼兵 / 王_ / 陈维 / 明宇,张嘉译 / 孔琳 / 肖辉 / 景岗山 / 徐正廷 / 王妍妍 / 杨新鸣 / 罗京民 / 谭希和 / 王双宝,剧情 / 悬疑 / 犯罪,中国大陆 / 香港,24,45,5.8,112
海上传奇,2005,曲立君,,斯琴高娃 / 吴倩莲 / 王雨 / 李明启 / 梅婷 / 倪景阳 / 何志峰,,中国大陆 / 台湾,28,,5.7,42
天下太平,2005,林健龙 / 陈皓威,,黄海冰 / 戴娇倩 / 孙耀威 / 陈雅伦 / 关礼杰 / 郑佩佩,剧情,香港 / 台湾,40,,6.7,80
争霸传奇,2006,蔡晶盛,,陈坤 / 郭羡妮 / 刘松仁 / 马德钟 / 樊志起 / 贾妮 / 陈国邦 / 冯绍峰 / 洪雁 / 冼色丽 / 卓凡,剧情 / 古装,中国大陆 / 香港,49,45,8,982
天外飞仙,2006,黄伟明 / 王少杰 / 梁胜权,邓紫珊,胡歌 / 林依晨 / 李勤勤 / 赵亮 / 谢君豪 / 郭妃丽 / 窦智孔 / 吕一 / 唐宸禹 / 韩雪 / 陈秀丽 / 徐锦江 / 邬倩倩 / 岳跃利,爱情 / 奇幻 / 古装,中国大陆 / 台湾,38,47,7.6,20812
新九品芝麻官,2006,邓伟恩 / 温伟基,郭贤,黄子华 / 黄圣依 / 张默 / 苏永康 / 韩雨芹 / 罗家英 / 鲍逸琳 / 李建义 / 唐宸禹 / 吕行,剧情 / 喜剧,中国大陆 / 香港,35,,7.1,426
屋顶上的绿宝石,2006,崔宝珠,杜政哲,霍建华 / 孙俪 / 姚采颖 / 胡宇威 / 贾乃亮 / 张国立 / 张铁林 / 刘雪华 / 白冰冰 / 邬倩倩 / 张翊生,剧情 / 爱情,中国大陆 / 台湾,30,43,6.9,4338
别爱我,2006,李国立,邓飞,徐若_ / 胡歌 / 何炅 / 林家宇 / 蒋雪 / 谢娜 / 顾美华 / 艾伟 / 白云 / 朱玉雯,爱情,中国大陆 / 台湾,31,35,6.8,2126
车神,2006,游达志,,赵薇 / 陆毅 / 李威 / 安以轩 / 乔振宇 / 郑浩南 / 李威尹,剧情 / 爱情 / 运动,中国大陆 / 香港,22,,5.9,310
巴黎恋歌,2006,周晓鹏,环_ / 武瑶,林心如 / 任泉 / 谭俊彦 / 郭晓婷 / 丁文琪 / 狄龙 / 刘雪华 / 郑晓宁 / 周笑莉 / 阎青妤 / 刘涛 / 吴玉芳 / 黄勐,剧情 / 爱情,中国大陆 / 台湾,30,,5.7,125
明宫谜案,2007,孔笙,刘建业 / 孙卓,张晨光 / 萧蔷 / 高鑫 / 刘燕燕 / 桑叶红,历史,中国大陆 / 台湾,38,,7.5,114
李后主与赵匡胤,2007,吴丽骀,,吴奇隆 / 刘涛 / 黄文豪,剧情 / 爱情 / 历史,中国大陆 / 台湾,40,40,7,1438
岁月风云,2007,梁家树,朱镜祺,刘松仁 / 苗侨伟 / 佘诗曼 / 宣萱 / 邓萃雯 / 吴卓羲 / 林_ / 陈美琪 / 廖京生,家庭,中国大陆 / 香港,60,40,7,6257
还君明珠,2007,李惠民 / 余明生,关展博 / 余明生,董洁 / 李宗翰 / 黄少祺 / 李立群 / 孙兴,剧情 / 爱情,中国大陆 / 台湾,40,45,6.6,1194
血未冷,2007,夏晓昀 / 贺子壮,吴丽萍,陈松伶 / 张铎,剧情,中国大陆 / 香港,20,,6.4,42
霍元甲,2007,关锦鹏 / 鞠觉亮,陈翘英,郑伊健 / 陈小春 / 周牧茵 / 屈_ / 梁家仁,剧情,中国大陆 / 香港,42,,6.4,1184
转角遇到爱,2007,唐迪 / 林合隆,柴智屏 / 安婕 / 杨碧凤,徐熙媛 / 罗志祥 / 陈至恺 / 姜超 / 路嘉欣 / 藤冈靛 / 庾澄庆 / 方芳 / 陈_骐 / 黄鸿升 / 陈彦儒 / 张立威 / 瓦娜 / 范明 / 李晟 / 沈孟生 / 张瑞珈 / 肖剑,爱情,中国大陆 / 台湾,24,26,6.4,20575
龙游天下,2007,罗灿然,东函,王灿 / 曾安琪 / 齐千郡 / 沈世朋 / 周明增 / 贺镪 / 王嘉晖 / 马启慧 / 陈涛 / 李肖宁 / 乌日根 / 关悦 / 刘广厚 / 孟月英 / 李铁军 / 袁曼芬 / 郭军 / 张如君 / 张静东 / 张瑞珈 / 杨子炫 / 张家俊 / 王瑜 / 张丁懿 / 姚卓君 / 阴奕彤 / 刘苏 / 关少曾 / 刘奕宏 / 文忠 / 于子宽 / 董可飞 / 米杨 / 宋芮宁 / 张波 / 王小红 / 赵芙丽 / 戚一鸣 / 毕瀚文,剧情 / 古装,中国大陆 / 台湾,38,40,6.1,1813
又见一帘幽梦,2007,曾丽珍 / 麦大杰,琼瑶 / 沈芷凝,方中信 / 秦岚 / 张嘉倪 / 保剑锋 / 张晨光 / 吴冕 / 刘威葳 / 曾之乔 / 曹颖,剧情 / 爱情,中国大陆 / 台湾,46,48,5.6,13793
媳妇的眼泪,2007,罗福,,谢祖武 / 俞小凡 / 李欣,剧情 / 家庭,中国大陆 / 台湾,46,,5.2,222
红海棠,2008,侯明杰,傅琦然 / 汪弈升,杨若兮 / 许亚军 / 吕颂贤,,中国大陆 / 香港,27,,7.5,101
少林僧兵,2008,李惠民,王秋雨、李志贤,洪金宝 / 李铭顺 / 洪天照,,中国大陆 / 香港,34,,6.8,126
老师错了,2008,谢一德,林煌坤,张庭 / 张晓龙 / 王馥荔,,中国大陆 / 台湾,26,,6,85
仁者黄飞鸿,2008,王晶,王晶 / 陈茂贤,张卫健 / 陈炜 / 文颂娴 / 林子聪 / 孔琳 / 王晶 / 吴庆哲 / 张启乐,动作 / 古装,中国大陆 / 香港,33,43,5.9,610
现代美女,2008,蒋家骏,倪鹰 / 杨智深,杨恭如 / 霍建华 / 王曦仪 / 于小伟 / 黎宣 / 翁虹 / 申珉熙 / 卢杰君 / 唐嫣,剧情 / 爱情,中国大陆 / 香港,26,45,5.7,153
心星的泪光,2009,林合隆,周平之 / 毛训容,言承旭 / 关颖 / 曾恺_ / 陈至恺 / 章雯淇 / 丁宇辰 / 赵舜 / 刘瑞琪,爱情,中国大陆 / 台湾,20,60,6.3,1291
多情女人痴情男,2009,裘立新,裘立新,贾青 / 陈浩民 / 金佳,剧情,中国大陆 / 香港 / 台湾,35,,6,38
守着阳光守着你,2009,霍耀良,,明道 / 陈乔恩 / 张默,剧情 / 爱情,中国大陆 / 台湾,30,,5.6,331
微笑在我心,2009,周德华 / 张敏,仲__意小_,明道 / 张嘉倪 / 徐洁儿 / 黄勐 / 马可 / 张芯瑜,剧情 / 爱情,中国大陆 / 台湾,30,,4.6,729
神医大道公,2010,刘仕裕 / 郑基成,陈文贵,郑少秋 / 郭冬临 / 廖家仪 / 袁弘 / 淳于珊珊 / 王灿 / 陈佳佳 / 商蓉 / 谢闻轩,喜剧 / 奇幻 / 武侠,中国大陆 / 台湾,30,,6.5,504
天涯赤子心,2010,陈朱煌,陈朱煌,陆子艺 / 孙天宇 / 寇世勋 / 冯绍峰 / 隋俊波 / 佟丽娅 / 刘宸希 / 岳虹 / 张明明,剧情 / 爱情 / 家庭 / 儿童,中国大陆 / 台湾,38,,6.3,942
刁蛮娇妻苏小妹,2010,邝业生,,郭晋安 / 董璇 / 董维嘉 / 魏骏杰 / 刘庭羽 / 苑琼丹 / 邵传勇 / 骆达华 / 冯敏 / 吴迪 / 关菁,剧情,中国大陆 / 香港,30,,5.4,305
熊猫人,2010,周杰伦,发条 / 李怡嘉 / 李莎,宋健彰 / 詹宇豪 / 江语晨 / 唐嫣 / 田京泉 / 周杰伦 / 言承旭 / 曾志伟,剧情 / 爱情,中国大陆 / 台湾,29,43,4.4,3673
彼岸1945,2011,梦继,潘朴,周渝民 / 张钧甯 / 王学圻 / 阎娜 / 张晨光 / 李李仁 / 李国毅 / 葛蕾 / 龙劭华 / 杨贵媚 / 张丹峰 / 王少伟 / 吕行 / 谢钢 / 赵阳 / 侯长荣 / 宗晓军 / 钱漪 / 潘彦妃 / 九孔 / 施诗 / 聂雅亮,剧情 / 爱情 / 历史 / 战争,中国大陆 / 台湾,34,45,8.4,1760
恋爱SOS,2011,宋坤儒,李翔 / 蔡悦,陈意涵 / 薛仕凌 / 鲁诺,剧情 / 喜剧 / 爱情,中国大陆 / 台湾,8,45,6.9,762
幸福最晴天,2011,徐辅军,杜政哲,贺军翔 / 张钧甯 / 李易峰 / 周子涵 / 李金铭 / 李智楠 / 明道 / 郑伟,爱情,中国大陆 / 台湾,25,45,6.5,4075
爱上查美乐,2011,柯翰辰,曹绩雅 / 方懿德 / 林雅淳 / 单飞雪,贺军翔 / 王心凌 / 柳岩 / 张伦硕 / 施易男,爱情,中国大陆 / 台湾,13,40,6,4941
幸福三颗星,2011,林子平,罗法平,杨谨华 / 蓝正龙 / 吴建飞,,中国大陆 / 台湾,20,55,5.7,875
带刀女捕快,2011,邝业生,陈志恒 / 彭艳雯 / 叶敏,欧阳震华 / 佘诗曼 / 姜鸿 / 王翔弘 / 宋春丽 / 娄艺潇 / 徐敏 / 段倩茹 / 奚美娟 / 谷伟,古装,中国大陆 / 香港,34,,5.4,298
大唐双龙传,2011,王晶,王晶,方力申 / 陈国坤 / 司光敏 / 李佳佳 / 应采儿 / 田蕾希 / 小王晶 / 朱茵,奇幻 / 武侠 / 古装,中国大陆 / 香港,35,40,3.9,829
新还珠格格,2011,李平 / 丁仰国,琼瑶 / 黄素媛,李晟 / 海陆 / 邱心志 / 张睿 / 邓萃雯 / 李佳航 / 班杰明 / 高梓淇 / 赵丽颖 / 路宏 / 孙耀琦 / 王今铎 / 周放 / 林心如 / 方青卓,剧情 / 喜剧 / 动作 / 爱情 / 古装,中国大陆 / 台湾,98,40,3.5,14788
恋夏38℃,2012,黄朝亮,黄朝亮,胡宇崴 / 吴映洁 / 苑新雨 / 王睿 / 是元介,剧情 / 爱情,中国大陆 / 台湾,30,47,7.6,485
滚滚红尘,2012,潘文杰,贾伟南,郑嘉颖 / 秦岚 / 蒋恺 / 徐洁儿 / 杨烁 / 涂黎曼 / 吴卓羲 / 夏力薪 / 王海地,剧情 / 爱情,中国大陆 / 香港,36,40,7,154
跑马场,2012,刘书亮 / 徐小明,,黄宗泽 / 胡杏儿 / 胡可 / 曹俊 / 张娜拉 / 臧金生 / 毕彦君 / 伍卫国 / 王绘春 / 朱虎声,,中国大陆 / 香港,33,,6.6,200
广告风云,2013,叶昭仪,,林_ / 唐嫣 / 袁弘 / 马德钟 / 迟帅 / 陈燃 / 杨婷婷,剧情 / 爱情,中国大陆 / 香港,84,40,5.9,182
花非花雾非雾,2013,丁仰国 / 李平,琼瑶 / 黄素媛,李晟 / 张睿 / 朱镇模 / 林心如 / 刘德凯 / 万茜 / 姚元浩 / 杨紫 / 赵魏,剧情 / 爱情,中国大陆 / 台湾,50,45,4.8,4434
真爱遇到他,2014,柯翰辰,陈欣怡,安以轩 / 贺军翔 / 弦子 / 信 / 付辛博,剧情 / 喜剧 / 爱情,中国大陆 / 台湾,30,,5.7,590
卫子夫,2014,刘家豪,梅小青,王珞丹 / 林_ / 周丽淇 / 徐正溪 / 俞小凡 / 陈莎莉 / 沈泰,剧情 / 古装,中国大陆 / 香港,47,40,5.6,6618
神医大道公前传,2014,杨证雄,陈文贵,韩栋 / 张铎 / 孙耀琦 / 杜海涛 / 张芯瑜 / 牛飘 / 刘迪妮 / 康福震 / 明俊臣 / 李茜 / 何云伟,剧情 / 古装,中国大陆 / 台湾,35,,4.5,107
爱情来的时候,2014,余咏珊,梁伟庭  / 邓炜鹏 / 叶登伟 / 叶子文,佘诗曼 / 马国明 / 徐子珊 / 温升豪 / 王宥胜 / 王祖蓝 / 炎亚纶 / 渡边直美 / 钟嘉欣 / 延政勋,爱情,香港 / 台湾,4,45,6.5,1840
我的灵界男友,2015,张修诚,,陈匡怡 / 刘以豪 / 张睿家,剧情 / 喜剧 / 爱情 / 奇幻,中国大陆 / 台湾,39,25,6.6,248
风云天地,2015,王晶,王晶,汪明荃 / 刘恺威 / 赵雅芝 / 唐嫣 / 莫小棋 / 萧正楠 / 黄德斌 / 童菲 / 黎耀祥 / 李施_,剧情 / 家庭,中国大陆 / 香港,38,40,5.4,614
明若晓溪,2015,吴建新,明晓溪,曾沛慈 / 林子闳 / 蔡颐榛 / 马振桓 / 徐开骋 / 曹曦月,剧情 / 爱情,中国大陆 / 台湾,29,45,3.4,1878
终极游侠,2016,徐辅军,,罗云熙 / 程砚秋 / 马振桓 / 程予希 / 沈瑶 / 熊梓淇 / 吕_峰 / 胡玮杰 / 詹子晴,爱情 / 武侠,中国大陆 / 台湾,40,,7,410
超少年密码,2016,郑芬芬,郑芬芬,王俊凯 / 王源 / 易烊千玺 / 黄其淋 / 丁程鑫 / 王祖蓝 / 钟镇涛,剧情 / 科幻 / 悬疑,中国大陆 / 台湾,25,,6.5,3746
无间道,2016,洪金泼 / 梁国斌,欧冠瑛,王阳 / 罗仲谦 / 朱锐 / 苏丽珊 / 罗嘉良 / 廖碧儿 / 曾志伟 / 任贤齐 / 刘松仁 / 卢海鹏 / 石修 / 梁靖琪 / 梁汉文 / 吴廷烨 / 张松枝 / 朱鉴然 / 姜皓文 / 艾威 / 郭政鸿 / 周俊伟 / 杨天经 / 林嘉华 / 林俊贤 / 车婉婉 / 龚慈恩 / 陆骏光 / 赵雅淇 / 汤加文 / 元彪 / 郑家生  / 陈安莹 / 黄竣锋 / 张文杰 / 罗浩楷 / 潘绍聪 / 古天祥,剧情 / 悬疑 / 犯罪,中国大陆 / 香港,30,45,6.4,176
恶作剧之吻,2016,林清芳 / 蔡季瑛,李懿芳,李玉玺 / _心_ / 蔡灿得 / 席惟_ / _以_ / 洪胜德,喜剧 / 爱情,中国大陆 / 台湾,39,25,3.7,899
盲侠大律师,2017,罗俊伟 / 林志华,刘彩云 / 陈琪 / 冯冠芝 / 区彦媛 / 曾汉,王浩信 / 蔡思贝 / 李佳芯 / 张振朗 / 单立文 / 朱千雪 / 林韦辰 / 陈庭欣 / 黄子恒 / 何君诚 / 许家杰 / 翟威廉 / 罗乐林 / 张彦博 / 赵永洪 / 何俊轩 / 冯素波 / 刘温馨 / 张明伟 / 陈婉婷 / 潘芳芳 / 尹诗沛 / 陈志健 / 沈可欣 / 杨证桦 / 徐玟晴 / 蒋家_ / 谭凯琪 / 蔡康年 / 蔡国威 / 魏惠文 / 李漫芬,剧情 / 喜剧 / 爱情 / 犯罪,中国大陆 / 香港,28,43,7.7,15185
使徒行者2,2017,苏万聪 / 苏嘉敏,叶天成 / 黎倩仪,苗侨伟 / 陈豪 / 宣萱 / 袁伟豪 / 周柏豪  / 黄翠如 / 许绍雄 / 麦明诗 / 何佩珉,剧情 / 爱情 / 犯罪,中国大陆 / 香港,30,43,6.9,26096
溏心风暴3,2017,陈志江,方家逸 / 吴仲泉,黄宗泽 / 王浩信 / 李司棋 / 夏雨 / 米雪 / 关菊英 / 阮兆祥 / 李国麟 / 蒋志光 / 岑丽香 / 黄翠如 / 陈敏之 / 唐文龙 / 李忠希 / 马浚伟 / 周骢 / 庄思敏 / 李成昌 / 吴家乐 / 胡琳 / 梁舜燕 / 陈智_ / 韩马利 / 苗可秀 / 郑希怡 / 冯盈盈 / 黄嘉乐 / 韦家雄 / 欧阳巧莹 / 杨柳青 / 张宝儿 / 李漫芬 / 罗乐林 / 谭嘉仪 / 黄得生 / 谭炳文 / 刘温馨 / 林泳淘 / 周丽欣 / 唐贝诗 / 黄智贤 / 汪明荃 / 黄长兴 / 黄夏蕙 / 陆浩明 / 文雪儿 / 张达伦 / 陈荣峻 / 杜燕歌 / 叶凯茵 / 周宝霖 / 朱敏瀚 / 何伟业 / 林淑敏 / 莫家淦 / 卫志豪 / 吴香伦 / 林伊丽 / 郭千瑜 / 陈伟琪 / 朱智贤 / 曹思诗,剧情,中国大陆 / 香港,40,45,6.2,10769
东方华尔街,2018,黄国强,杜瑞榕 / 甄_荣 / 何永航 / 余盼盼 / 卢嘉谊 / 冯镇宇,吴镇宇 / 张孝全 / 余男 / 陈家乐 / 江奇霖 / 蔡洁 / 潘灿良 / 谭耀文 / 张可颐 / 廖启智 / 桂纶镁 / 罗家英 / 崔碧珈 / 何华超 / 张武孝 / 陆骏光 / 梁健平,剧情,中国大陆 / 香港,5,45,7.7,21779
蚀日风暴,2018,洪金泼,姜博洋 / 杨牧天 / 曾柏建 / 彭晓茵 / 因夏 / 蒋嘉昕 / 陈兆禧,张智霖 / 薛凯琪 / 王阳明 / 陈瑾如 / 李思函 / 梁汉文 / 梁靖琪 / 宝儿 / 秦沛 / 许绍雄 / 刘兆铭 / 罗家英 / 卢惠光 / 林嘉华 / 郭政鸿 / 麦长青 / 朱鉴然 / 吴肇轩 / 汉研 / 杨鸿俊 / 麦少瑜 / 陈少邦 / 林家熙 / 王敏德  / 陈启泰 / 邵仲衡 / 沈震轩 / 郭卓桦 / 陈安莹 / 灰熊 / 杨天经 / 李鸿杰 / 艾威 / 张松枝 / 黄竣锋 / 张文杰 / 顾定轩 / 泰臣 / 陈彼得 / 鲍康儿 / 张雷 / 姜文杰 / 梁健平 / 何庆辉 / 黄华和 / 车婉婉 / 吴浣仪 / 张沛乐 / 刘沛蘅 / 何咏雯 / 陈思齐,剧情 / 悬疑 / 犯罪,中国大陆 / 香港,36,45,6.5,13033
陌生人,2018,保罗・安德鲁・威廉姆斯,马克・丹顿 / 强尼・斯托克伍德,约翰・西姆 / 黄秋生 / 梁佩诗 / 安东尼・海斯 / 汤姆・吴 / 托马斯・恰兴 / 杰森・王 / 克里斯多夫・泰克 / 卡・亚历山大 / 艾米莉娅・福克斯 / 德乌拉・基尔万 / 蒂姆・麦克纳尼 / 罗莎琳德・霍尔斯特德 / 丹尼尔・约克 / 张茵,剧情 / 惊悚 / 犯罪,中国大陆 / 香港,8,60,6.5,593
飞虎之潜行极战,2018,李惠民 / 查传谊 / 李文龙,王秋雨 / 马焱,苗侨伟 / 黄宗泽 / 吴卓羲 / 张兆辉 / 王敏德  / 吴岱融 / 王敏奕 / 梁烈唯 / 黄子恒 / 陈山聪 / 伍咏薇 / 龚慈恩 / 刘美娟 / 黄智雯 / 陈凯琳 / 高海宁 / 郑雪儿 / 何佩瑜 / 吴思佳,剧情 / 动作 / 悬疑 / 犯罪,中国大陆 / 香港,30,45,5.9,9372
泡沫之夏,2018,于中中,明晓溪 / 李田 / 贾彬彬,张雪迎 / 秦俊杰 / 黄圣池 / 陈欣予 / 黄德毅 / 袁子芸 / 李逸男 / 刘佳 / 宋海颉 / 施羽 / 麦迪娜 / 范晓东 / 丁可 / 代乐乐 / 李若嘉,爱情,中国大陆 / 台湾,36,45,5.3,13998
深宫计,2018,方俊华 / 梅小青,林少枝 / 阮美凤,马浚伟 / 胡定欣 / 刘心悠 / 陈炜 / 张文慈 / 周秀娜 / 马国明 / 萧正楠 / 黄心颖 / 罗霖 / 张慧仪 / 康华 / 米雪 / 李龙基 / 吕珊 / 韩马利 / 潘冠霖 / 李天翔 / 陆诗韵 / 张达伦 / 曾伟权 / 谢雪心 / 赖慰玲 / 李美慧 / 韦家雄 / 关伟伦 / 黄得生 / 袁文杰 / 李忠希 / 邵卓尧 / 王俊棠 / 杨证桦 / 麦玲玲 / 陈志健 / 杜燕歌 / 陈庭欣 / 区霭玲,剧情 / 爱情 / 古装,中国大陆 / 香港,36,40,5.3,11212
如果，爱,2018,张哲书,朱柒柒,张柏芝 / 吴建豪 / 倪景阳 / 徐志贤 / 张双利 / 田岷 / 范春霞 / 黄烁文 / 侯雪龙 / 冯若绮,剧情 / 爱情 / 家庭,中国大陆 / 香港,47,45,4.2,4766