剧名,年份,导演,编剧,主演,类型,制片国家/地区,集数,单集片长/分钟,豆瓣评分,评价人数/人
风雨唐人街,2012,周力,吕红 / 严歌苓,黄觉 / 寇世勋 / 李立,剧情 / 爱情 / 历史,中国大陆,26,40,6.7,37
真情错爱,真情错爱,汪沛勲,史海伟,秦岚 / 冯雷 / 张少华 / 赵亮,,中国大陆,30,,6.6,94
缉毒精英,2013,惠楷栋,王军,邢佳栋 / 岳跃 / 冯国强 / 王海燕 / 陈刚 / 石凉 / 杨童舒 / 张晞临,剧情 / 犯罪,中国大陆,26,45,6.6,40
十里香大酒坊,2014,刘家成,马继红 / 高军 / 徐江 / 吕扬尘,任程伟 / 苏岩 / 胡可,历史,中国大陆,30,,6.6,37
带着孩子结婚,2004,英达,梁欢,蔡明 / 英壮,喜剧,中国大陆,40,25,6.5,226
海天之恋,2008,宁海强,李忠效,王强 / 宋运城 / 孙洪涛 / 刘之冰,剧情,中国大陆,26,,6.5,54
女子军魂,2012,管虎,张晓虎,闫妮 / 耿乐 / 胡晓光 / 倪虹洁 / 徐冬梅,剧情 / 爱情 / 历史 / 战争,中国大陆,32,,6.5,62
人参,2015,柯仲华 / 石岚 / 魏锋 / 褚金萍 / 谭晓华,,,,中国大陆,6,24,6.5,59
缉毒先锋,2009,惠楷栋 / 王军,王军,石凉 / 冯国强 / 杨童舒,,中国大陆,27,,6.5,63
长白山下我的家,2012,王志强,李汀,白威 / 张琳 / 孙茜 / 陈逸恒 / 丛珊 / 朱翊,,中国大陆,29,,6.5,75
粉领一族,2006,孔刚 / 黄葆华,庄训鑫,曾宝仪/王喜/许志安 / 陈司瀚/明丽/任天野/谭歆柔,,中国大陆,30,,6.5,62
亲密爱人,2000,,,丁子峻 / 李冰冰 / 刘孜,爱情,中国大陆,18,,6.5,61
七品钦差,2001,谭智桐,方天民 / 谭智桐,牛振华 / 吕丽萍 / 徐峥 / 付连智 / 周莉 / 贾兆冀 / 秦焰 / 吴樾 / 代乐乐 / 李蓬 / 寇占文 / 曹梦 / 刘丹 / 徐福来 / 孟俊泉 / 龙苗,剧情,中国大陆,20,,6.5,53
女特警,2008,朱德承,泳群 / 张健,成晖 / 佟大为 / 陈丽娜,剧情 / 爱情,中国大陆,25,40,6.5,78
真爱一世情,2003,罗灿然 / 陆军,,陈德容 / 张世 / 奚美娟 / 陈莎莉 / 高明 / 王中皇 / 齐千郡,,中国大陆,28,,6.5,86
天堂秀,2012,黄建中,孙泱,陆毅 / 韩智慧,爱情 / 家庭 / 传记,中国大陆,30,45,6.5,97
你永远不会独行,2009,张建栋,饶晖,赵子琪 / 刘芸 / 张博 / 牛青峰 / 李野萍 / 张谦 / 胡小庭 / 常波 / 柏寒 / 姚卓君 / 杨子骅 / 冯恩鹤 / 曹卫宇 / 李光复 / 石燕京,剧情 / 家庭,中国大陆,25,,6.5,86
当人心遇上仁心,2013,郭廷波,毓祺,郑国霖 / 杨恭如 / 娜仁花 / 岳红 / 郭珍霓 / 常铖 / 黄俊鹏 / 潘虹 / 宫筱轩,剧情 / 爱情 / 家庭,中国大陆,34,42,6.5,111
地道英雄,2009,丁黑,陈金海,何冰 / 陈小艺 / 王宁,,中国大陆,10,,6.5,54
天堂鸟,2003,张健,薛晓路 / 朱艳,刘蓓 / 丁志城 / 李幼斌 / 吴秀波,,中国大陆,20,,6.5,53
第一茶庄,2007,袁英明,方泓仁,黄少祺 / 秦岚 / 寇世勋 / 吴竞,剧情 / 家庭,中国大陆,30,,6.5,57
故事2000,2000,徐纪宏,,程前 / 史可 / 吴京安 / 崔杰,剧情 / 家庭,中国大陆,18,40,6.5,92
禁区,2009,李骏 / 杨新宇,张莱 / 李晖 / 索冰,张丰毅 / 王学圻 / 巍子 / 子义,动作 / 爱情 / 悬疑 / 惊悚,中国大陆,30,,6.5,49
逼子成龙,2003,吴培民,贺国甫,陈寒柏 / 宋丹丹 / 孟智超 / 沈荣海 / 胡晴云 / 朱茵,剧情 / 喜剧,中国大陆,20,,6.5,51
血战崆峒,1996,,,南晓红 贺林 张凡 麻建刚 胡耀文 樊琦,,中国大陆,22,,6.5,40
婆家娘家,2005,斗琪,,李琳 / 彭玉 / 王丽云,,中国大陆,33,,6.5,40
燃烧的玫瑰,2009,小岛,刘勇 / 王倩,贾一平 / 张歆艺 / 王诗槐,剧情,中国大陆,25,40,6.5,41
义者无敌,2013,宏胤,石小克,陈月末 / 田中千绘 / 陈宝国 / 刘桦 / 王梓诺 / 韩童生 / 张志坚,剧情 / 战争,中国大陆,32,,6.5,50
日出东方,2001,王进 / 马润生,黄亚洲,王霙 / 孔祥玉,剧情,中国大陆,20,,6.5,45
不能没有你,2005,马功伟,晓伊 / 陈小抗,侯勇 / 刘之冰 / 潘雨辰,,中国大陆,24,,6.5,33
男儿本色,2009,曾丽珍,吴孟璋 / 张希,刘烨 / 罗嘉良 / 徐正溪 / 王雅捷 / 杨雪 / 江若琳 / 刘梓妍,剧情,中国大陆,26,,6.5,216
伤城之恋,2008,蒋家骏,周涌,秦岚 / 霍建华 / 于毅 / 钱泳辰 / 边潇潇,剧情 / 爱情,中国大陆,20,,6.5,267
大商道,2012,,,张嘉译 / 张延 / 柴鸥 / 王黎雯 / 赵龙豪,剧情,中国大陆,42,45,6.5,51
索玛花开,2017,王伟民,王伟民,于晓光 / 王力可,剧情,中国大陆,32,45,6.5,200
寒秋,2006,马鲁剑,龚桂华,王子文 / 赵毅 / 陈楚翰 / 王凯,爱情,中国大陆,24,,6.5,101
槑头槑脑2,2017,付滃,李海兵,宋晓峰 / 霍云龙 / 程野 / 燕飞 / 唐娜 / 田娃 / 曹桐睿,喜剧,中国大陆,20,27,6.5,292
排球女将,2008,赵浚凯,娅子,于娜 / 王珞丹 / 连奕名 / 成泰燊 / 刘沙 / 孙熙 / 杜志国 / 郭昊伦,运动,中国大陆,29,,6.5,115
大爱无敌,2009,周耀杰,马广源,贾静雯 / 吴秀波 / 韩青 / 潘星谊 / 李勤勤 / 李煜 / 申军谊 / 刘恩佑 / 娄宇健 / 戴江 / 张子枫,剧情 / 爱情,中国大陆,25,,6.5,288
名校,2008,安建,张华峰,马跃 / 张仙衡 / 王茜华,剧情,中国大陆,22,,6.5,121
江阴要塞,2009,王伟民,刘星,刘涛 / 韩栋 / 韦玮 / 李庆祥 / 许榕真,剧情,中国大陆,24,40,6.5,122
爱的妇产科2,2015,杨阳,商丙琦,朱丹 / 杨祐宁 / 孙坚 / 魏千翔 / 王笛 / 严晓频 / 李依玲 / 辉灿 / 练束梅 / 许绍洋,剧情 / 爱情,中国大陆,24,,6.5,220
售楼处的故事,2003,英达,梁欢,虞梦 / 聂宁 / 巩汉林 / 赵玲琪 / 潘长江,喜剧,中国大陆,40,25,6.5,81
山里红,2011,雷献禾,高满堂 / 俞智先 / 郭中束,颜丹晨 / 潘粤明 / 宋雨霏 / 于震 / 马仑 / 曹力 / 周舟 / 董连海 / 戴小龙,剧情 / 爱情,中国大陆,30,,6.5,231
情非情,2009,陈国兴 / 乔和平,周煜,江一燕 / 任重 / 一真 / 王新 / 陈彦 / 刘庭羽 / 李诚洁,剧情 / 爱情,中国大陆,27,,6.5,74
苦菜花,2003,王冀邢,,陈小艺 / 茹萍 / 侯天来,剧情 / 战争,中国大陆,20,,6.5,63
青春之歌,2006,张晓光,娅子 / 张建,童蕾 / 谢君豪 / 高云翔,剧情 / 爱情 / 历史 / 战争,中国大陆,25,,6.5,50
蚀日风暴,2018,洪金泼,姜博洋 / 杨牧天 / 曾柏建 / 彭晓茵 / 因夏 / 蒋嘉昕 / 陈兆禧,张智霖 / 薛凯琪 / 王阳明 / 陈瑾如 / 李思函 / 梁汉文 / 梁靖琪 / 宝儿 / 秦沛 / 许绍雄 / 刘兆铭 / 罗家英 / 卢惠光 / 林嘉华 / 郭政鸿 / 麦长青 / 朱鉴然 / 吴肇轩 / 汉研 / 杨鸿俊 / 麦少瑜 / 陈少邦 / 林家熙 / 王敏德  / 陈启泰 / 邵仲衡 / 沈震轩 / 郭卓桦 / 陈安莹 / 灰熊 / 杨天经 / 李鸿杰 / 艾威 / 张松枝 / 黄竣锋 / 张文杰 / 顾定轩 / 泰臣 / 陈彼得 / 鲍康儿 / 张雷 / 姜文杰 / 梁健平 / 何庆辉 / 黄华和 / 车婉婉 / 吴浣仪 / 张沛乐 / 刘沛蘅 / 何咏雯 / 陈思齐,剧情 / 悬疑 / 犯罪,中国大陆 / 香港,36,45,6.5,13030
爱的创可贴,2013,刘俊杰,梁馨月,陈彦妃 / 张睿家 / 杨蓉 / 魏千翔 / 曾之乔 / 邹廷威 / 袁成杰,剧情 / 爱情,中国大陆,36,40,6.5,2291
少年嘉庆,2005,张国立 / 沈怡,陈文贵,张国立 / 王刚 / 黄维德 / 郑家榆 / 张默 / 刘牧 / 岳秀清 / 李建义 / 徐美玲 / 张春年,剧情 / 古装,中国大陆,32,40,6.5,336
单亲妈妈,2009,张自强,马广源,陈松伶 / 刘恺威 / 陈莎莉 / 姜华 / 刘庭羽 / 蒋毅 / 陈佳欣,剧情,中国大陆,26,,6.5,316
只要你过的比我好,2012,马鲁剑,于漫洋,温峥嵘 / 张国强 / 陈创,剧情,中国大陆,36,45,6.5,301
商鞅传奇,1997,周晓文,冉成淼,李冰冰 / 周里京 / 戈治均,剧情 / 传记 / 历史,中国大陆,22,,6.5,50
再见艳阳天,2009,赖水清 / 黄伟杰,杨海薇 / 刘书桦 / 刘天赐,孙莉 / 保剑锋 / 罗诠浩 / 王刚 / 杨晶晶 / 吕颂贤 / 刘雪华 / 寇振海 / 田丽 / 霍政谚 / 张定涵 / 吴廷烨,剧情,中国大陆,32,,6.5,265
雳剑,2013,张健,谭靖恒 / 张健,乔鹏樾 / 张若昀 / 朱杰 / 吴婷 / 李卓霖 / 蔡蝶 / 蓝盈莹,剧情 / 战争,中国大陆,38,,6.5,143
怒火英雄,2016,毛卫宁,王成刚,王雷 / 邓家佳 / 霍政谚 / 乔乔 / 柯伯龙,剧情 / 战争,中国大陆,42,40,6.5,164
新猛龙过江,2015,凌飞,周令刚,陈国坤 / 杨蓉 / 苗侨伟 / 依灵 / 牟凤彬 / 杜维瀚 / 王伟光 / 王思懿 / 何佳怡,剧情 / 动作,中国大陆,30,45,6.5,155
新施公案,2013,余丁 / 杨小波,李晓苹,范明 / 甘婷婷 / 姚笛 / 赵锦焘 / 郭珍霓 / 张逸杰 / 陈莎莉 / 夏德俊 / 宁文彤 / 汤镇业 / 任东霖 / 韩栋 / 毛林林 / 徐洁儿 / 王建新 / 李子雄,剧情 / 犯罪 / 古装,中国大陆,32,45,6.5,300
你一定要幸福,2007,朱翊,徐萌,梅婷 / 薛佳凝 / 张铎 / 刘冠成 / 黄瑜洁 / 陆琦蔚 / 张逸凡 / 余豪 / 孙敏 / 朱茵 / 练束梅 / 董波 / 源唯杰 / 张瑞嘉 / 朱翊 / 魏东 / 虞嘉娜,,中国大陆,28,,6.5,125
儿女情更长,2012,沈星浩,李云良,奚美娟 / 王诗槐 / 田中千绘 / 姜妍 / 张芝华 / 吴冕 / 佟瑞欣 / 朱铁 / 万茜 / 王维维,剧情 / 家庭,中国大陆,39,40,6.5,154
温柔陷阱,2001,向北,徐忠杰 / 晶晶,巍子 / 江珊 / 李芸 / 刘小锋 / 吴晓敏 / 许晶 / 洪融 / 张鸿鑫 / 阮志强,,中国大陆,26,,6.5,148
定制幸福,2016,谢律,桂冠 / 赵晓曦,乔任梁 / 童瑶 / 刘天佐 / 孙骁骁 / 米露 / 苗驰 / 于蓓蓓 / 何明翰 / 黄曼 / 李博,剧情 / 爱情,中国大陆,38,45,6.5,208
叫一声妈妈,2007,张晓光,王丽萍,叶璇 / 张默 / 李颖 / 孙菲菲 / 张天霖,,中国大陆,28,,6.5,192
月嫂,2010,江海洋 / 江传荣,陶玲芬,倪萍 / 叶童 / 奚美娟 / 张秋歌 / 吴建飞 / 于洋 / 戴燕妮,剧情 / 家庭,中国大陆,25,,6.5,223
血色婚姻,2009,金舸,刘伟超,顾邵华 / 陈奕迅 / 刘培 / 濮存昕 / 蒋雯丽 / 斯琴高丽,,中国大陆,20,,6.5,210
田教授家的28个房客,2001,何伟,王晓玉 / 李晴宇,李立群 / 杨昆 / 顾永菲 / 李明启,剧情 / 喜剧,中国大陆,21,40,6.5,204
再婚进行时,2011,李威,李榕,高露 / 曹炳琨 / 姚芊羽 / 张铎 / 赵玲琪 / 严敏裘 / 白志迪 / 何昊阳 / 高郡伟,爱情 / 家庭,中国大陆,38,,6.4,332
桃花运,2015,刘新,李芳,林永健 / 于明加 / 张凯丽 / 丹尼斯·吴 / 代乐乐 / 杨昆 / 王汀,剧情 / 喜剧,中国大陆,38,,6.4,349
二叔,2013,习辛,聂欣,于晓光 / 史可 / 宋运成 / 李芯逸,剧情 / 家庭,中国大陆,38,45,6.4,356
爸爸快长大,2015,刘恺,于飞,李晨 / 童瑶 / 秦丽 / 荆浩 / 冯瓅 / 李依玲 / 唐嫣 / 张潇恒 / 孙坚 / 肖聪,剧情 / 家庭,中国大陆,30,,6.4,349
决战南京,2010,沈悦 / 沈严,邵钧林 / 孙丽华 / 张燕燕,陈宝国 / 韩雪 / 郭广平 / 高明 / 潘虹 / 侯勇 / 姚小龙,,中国大陆,35,,6.4,229
巾帼大将军,2013,田有良,李顺慈 / 刘益 / 田戈兵 / 赵杨 / 金子,江若琳 / 陈思诚 / 袁弘 / 潘虹 / 刘梓妍 / 施京明 / 马浴柯 / 胡影怡,剧情 / 爱情 / 古装,中国大陆,40,45,6.4,304
秘密列车,2008,刘进,傅琦然 / 汪奕升,周杰 / 刘芸 / 王雅捷 / 于洋 / 张嘉译 / 马少骅 / 郑罗茜,剧情,中国大陆,24,40,6.4,248
中国散伙人,2016,谢亮 / 李维瑄,李孟元 / 王自新 / 杨天桓 / 罗珍妮,袁布 / 周子龙 / 王城祖 / 李小爱 / 张可 / 刘芷含,喜剧,中国大陆,10,20,6.4,885
雾柳镇,2008,黄健中,白志强,张国强 / 李钰 / 陶泽如 / 周显欣,,中国大陆,33,,6.4,237
熊出没之夏日连连看,熊出没之夏日连连看,丁亮,,张伟 / 张秉君 / 谭笑,儿童,中国大陆,52,13,6.4,175
蓝色马蹄莲,2001,王文杰,陈心豪,何政军 / 何赛飞 / 常戎,爱情 / 悬疑 / 犯罪,中国大陆,20,45,6.4,144
春暖花开,2011,戚健,朱艳 / 周劲翔,李小冉 / 潘虹 / 李明启 / 倪虹洁 / 赵龙豪 / 王晴 / 赵峥 / 戚九洲,剧情,中国大陆,40,40,6.4,569
暗徒,2017,蔺水净,李家俊 / 肖莹莹 / 宋庆楠,万沛鑫 / 万潼 / 周家宇 / 郑沛琳 / 张铎瀚,剧情 / 悬疑 / 犯罪,中国大陆,10,30,6.4,648
我为儿孙当北漂,2015,林妍,温蓉,殷桃 / 涂松岩 / 韩童生 / 杜宁林 / 辛雨锡 / 李晓峰 / 何昊阳 / 陈卫 / 艾丽娅 / 张诗雅 / 周岩 / 安琥 / 方慧 / 冯嘉怡 / 张春年 / 褚栓忠 / 邹少官 / 王迅 / 蒋雯丽 / 谭松韵 / 周铁 / 陆妍淇,剧情 / 家庭,中国大陆,36,,6.4,142
爱的方式,2009,那彤,万方,丁勇岱 / 王姬 / 徐雅祺,,中国大陆,25,,6.4,40
周恩来在重庆,2008,董亚春,王朝柱,刘劲 / 马晓伟 / 唐国强,历史,中国大陆,30,45,6.4,41
血未冷,2007,夏晓昀 / 贺子壮,吴丽萍,陈松伶 / 张铎,剧情,中国大陆 / 香港,20,,6.4,42
清网行动,2014,张志,陈春山,李诚儒 / 韩青 / 毛俊杰 / 王昌娥 / 孟召重 / 李宜儒,剧情 / 犯罪,中国大陆,30,,6.4,140
盾神,2014,雷献禾,张鹏,冯远征 / 陶昕然 / 王俊彭 / 秦海璐 / 姚安濂 / 钱波 / 张志宏 / 王欢 / 周毅 / 朱冠阳 / 王鸿飞,剧情 / 悬疑,中国大陆,33,,6.4,60
富贵在天,2007,赖水清,晓月,叶童 / 倪齐民 / 白珊,剧情,中国大陆,38,,6.4,83
最后一枪,2012,范冬雨,,保剑锋 / 刘钧 / 戴娇倩 / 涂黎曼 / 李崇霄,剧情,中国大陆,32,40,6.4,106
小家大事,2008,刘新,刘新 / 宋秋雁,李立群 / 奚美娟 / 张歆艺 / 高云翔 / 符荷晴 / 刘龙 / 于小慧 / 王华英 / 范明 / 刘力扬,剧情 / 家庭,中国大陆,27,,6.4,101
壮丁也是兵,2015,刘涛,由甲,徐梵溪 / 奇道 / 陈创 / 姜寒 / 斌子 / 王讯,剧情 / 战争,中国大陆,35,45,6.4,151
相逢何必曾相识,2007,谭友业,,林佑威 / 杨幂 / 江宏恩 / 董璇 / 秦风 / 聂远 / 李丽珍,,中国大陆,36,,6.4,158
东北抗日联军,2015,李文歧,刘彦武 / 乔万民 / 苗若木,李泓良 / 王洛勇 / 成泰燊 / 张秋歌 / 刘威葳 / 寇振海 / 储智博 / 程煜,剧情 / 战争,中国大陆,30,,6.4,171
书剑情侠柳三变,2004,陈浩威,关渤、王鹏,林志颖 / 何美钿 / 胡可,,中国大陆,30,,6.4,145
努尔哈赤,1986,陈家林,,候永生 / 傅艺伟,,中国大陆,16,,6.4,168
大侦探,2010,张家和,张家和 / 张为,梁冠华 / 须乾 / 李泽锋 / 吴冕 / 张乐 / 朱小渔 / 马睿,喜剧 / 悬疑 / 犯罪,中国大陆,40,40,6.4,206
中国骑兵,2012,宁海强,黄晓峰,王雷 / 李健 / 马苏 / 冯国庆 / 宋笠娜 / 荆明华 / 芦芳生 / 徐洪浩 / 王小虎 / 曹凯 / 杨淼 / 李嘉明,剧情 / 历史 / 战争,中国大陆,32,40,6.4,173
离爱,2012,王硕,冀楚忱 / 张冠仁,黄宥明 / 张嘉倪 / 郑恺 / 田沅 / 李晟 / 张晓晨 / 彭宇 / 马书良 / 梁丹妮 / 石燕京 / 姜雨辰,剧情,中国大陆,26,,6.4,84
零号国境线,2010,张自强,石投、熊早,王雷 / 王挺 / 袁苑,悬疑 / 犯罪,中国大陆,23,40,6.4,154
房奴,2009,张晓光,席琳,陈瑾 / 丁海峰 / 李明启 / 黄小蕾 / 涂松岩 / 牛犇 / 郑逸桐 / 张宁益 / 芦菲 / 佟凡 / 赵越,剧情 / 家庭,中国大陆,28,,6.4,49
等到胜利那一天,2010,包福明,路远,焦恩俊 / 孙菲菲 / 张光北,,中国大陆,30,,6.4,57
唐山绝恋,2006,郝冰 / 钟少雄 / 李雪健,关仁山 / 王家汇,李雪健 / 张延 / 兵洁,剧情 / 灾难,中国大陆,22,,6.4,50
养母,2011,温成林,,王雅捷 / 矢野浩二 / 徐僧 / 高云翔,剧情 / 家庭,中国大陆,36,,6.4,55
少林七崁,2001,苏沅峰 / 张艺腾,,元彪 / 杨童舒 / 张庭,剧情 / 古装,中国大陆,20,,6.4,42
青春忏悔录,2014,戴睿,,雷牧 / 王晶 / 王祉萱 / 彭新智,,中国大陆,30,22,6.4,55
追梦,2003,,,苏慧伦 / 吴奇隆 / 严宽 / 张茜,剧情 / 爱情,中国大陆,20,40,6.4,46
惊天阴谋,2009,潘军,,刘钧 / 施京明 / 朱婷 / 涂松岩,剧情 / 战争,中国大陆,32,40,6.4,43
海狼行动,2008,潘军,潘军,于震 / 施京明,,中国大陆,34,,6.4,114
夜隼,2011,宋业明,谭力 / 彭启羽,黄觉 / 刘德凯 / 丁柳元 / 郑卫莉 / 宋禹,剧情,中国大陆,30,,6.4,37
龙号机车,2016,英达,满昱,曹云金 / 俞惠子 / 姜超 / 刘金山 / 马羚 / 李建华 / 李琦 / 那威 / 颜冠英,剧情 / 喜剧,中国大陆,30,42,6.4,40
青春四十,2012,刘新,姚远,徐帆 / 陈小艺 / 剧雪 / 胡军 / 张博 / 何冰 / 王茜华 / 王亚楠 / 严敏求 / 龚丽君 / 韩青 / 李洪涛,剧情,中国大陆,26,,6.4,218
熊爸熊孩子,2017,麦贯之,王滔 / 孙阳 / 吴秋云,沙溢 / 刘峻喆 / 胡可 / 李佳航 / 李金铭 / 韩立 / 张熙媛 / 王博谷 / 梁家仁 / 苏瑾 / 巴图 / 党浩予,剧情 / 家庭,中国大陆,35,45,6.4,845
宝乐婶的烦心事,2012,顾克利,梅琳,李菁菁 / 雷婷 / 齐连春 / 陶昕然 / 徐广明 / 王红梅,剧情 / 喜剧,中国大陆,31,49,6.4,79
绣娘兰馨,2007,金鳌勋 / 黄伟杰,陈慧君 / 钟晓婷,秦岚 / 李宗翰 / 吕颂贤 / 岳跃利 / 潘仪君 / 姜鸿 / 保剑锋 / 林江国 / 郭珍霓 / 杜若溪 / 王岗 / 潘虹 / 翁虹,剧情 / 家庭,中国大陆,35,,6.4,320
在线爱,2011,杜童,,苍井空 Sola Aoi,剧情 / 爱情,中国大陆,13,,6.4,57
月上海,月上海,王永春,,周韵 / 吴浇浇 / 马光泽,,中国大陆,34,,6.4,51
第一种危机,2004,王永,,李小璐 / 冯绍峰 / 陶泽如 / 王庆祥,剧情,中国大陆,20,,6.4,56
五妹,2005,刘新和,,马伊俐,,中国大陆,25,40,6.4,57
如果月亮有眼睛,2006,杨超,张小娴 / 吴毅敏,瞿颖 / 胡兵 / 杨恭如 / 连凯 / 蒋勤勤 / 耿乐 / 秦海璐 / 陈启泰 / 王海珍 / 张达明,爱情,中国大陆,25,,6.4,61
江城令,2009,安亚,成子安,马跃 / 李曼 / 范明,,中国大陆,31,,6.4,65
倾城之恋,1999,刘国权,,马艳丽 / 孙兴 / 方舒,,中国大陆,23,,6.4,60
何处是我家,2008,刘家成,孙卓,海清 / 咏梅 / 刘冠军 / 姚笛 / 林鹏 / 张少华,剧情,中国大陆,21,,6.4,65
家和万事兴之快乐情缘,2005,张菁,,徐铮 / 牛莉 / 魏积安,,中国大陆,,,6.4,73
数风流人物,2006,毛卫宁,钱滨 / 易丹,任泉 / 江珊 / 牛萌萌 / 孙海英 / 鲍国安 / 王诗槐,剧情,中国大陆,30,,6.4,88
六女当铺,2005,黄克敏,杜文和,罗海琼 / 胡静 / 茹萍 / 王晓男 / 曹曦文 / 斯琴高丽 / 严宽 / 文兴宇 / 李嘉存 / 寇振海 / 邬倩倩,剧情 / 古装,中国大陆,20,,6.4,80
田教授家的二十八个亲威,2009,安森阳,徐大辉 / 欧君旦 / 周姝 / 李蒙彦,谢钢 / 李宗华 / 余敏贞 / 王萌 / 何建泽 / 黄渤,喜剧,中国大陆,43,40,6.4,76
爱在屋檐下,2010,杨智谦,韩辰辰 / 宋子元,张丹峰 / 文颂娴 / 唐治平 / 阚清子 / 李根 / 田家达 / 马赫遥 / 陈思璇 / 万叶 / 黄建群 / 夏力薪,家庭,中国大陆,40,40,6.4,90
来的都是客(第一季）,2011,赵本山 / 乔杰,崔凯,赵本山 / 小沈阳 / 王小利 / 关婷娜 / 张晓伟 / 金玫玫 / 赵丹 / 杨冰 / 于洋 / 毛毛 / 刘小光,喜剧 / 家庭,中国大陆,120,25,6.4,102
都市外乡人,2006,顾晶,贺恒祥,赵军 / 闫学晶 / 何音 / 张永祥 / 侯岩松 / 李静 / 杜旭东 / 黄曼,剧情,中国大陆,23,40,6.4,91
解码深圳·华强北,2015,李北川 / 明溪,,吴海军 / 王丽 / 何国平 / 王殿甫 / 张文学 / 史立荣 / 苏进 / 吕钱浩 / 邓芬 / 李光伟 / 王老豹,,中国大陆,4,25,6.4,106
妻子,2006,刘二威,,傅彪 / 张秋芳 / 崔奕,,中国大陆,26,,6.4,108
幸福一家人,2018,冯凯,倪骏 / 张文梁,董洁 / 翟天临 / 李立群 / 邱泽 / 何美璇 / 任运杰 / 虞文涛,剧情 / 爱情 / 家庭,中国大陆,52,45,6.4,2139
苏菲的供词,2008,王晓明,郑凯南,赵宝刚 / 张歆艺 / 刘斌 / 王志飞 / 杨奇鸣 / 李婳,剧情 / 悬疑,中国大陆,27,40,6.4,164
杨门虎将,2004,梁德龙 / 刘峰 / 王鸣,朱历 / 任莎 / 阮小娜,苏有朋 / 蔡琳 / 赵雅芝 / 狄龙 / 寇振海 / 胡静 / 王艳 / 牛萌萌 / 赵强 / 贾乃亮 / 保剑锋 / 林江国 / 张梓宸 / 于小伟 / 严琨,剧情 / 爱情 / 历史,中国大陆,30,45,6.4,4644
大丫鬟,2009,何澍培,李亚玲,马雅舒 / 陈思诚 / 吴卓羲 / 何晟铭 / 李彩桦 / 米雪 / 茅子俊 / 汤镇业 / 邬倩倩,剧情 / 古装,中国大陆,35,42,6.4,2052
千金归来,2013,罗灿然,程婷钰,李易峰 / 李沁 / 赵文瑄 / 郑佩佩 / 李威 / 申珉熙,剧情,中国大陆,50,,6.4,4282
聊斋二,2006,成志超 / 晓毛,晓鸥 / 蒲松龄,严屹宽 / 李黎 / 韩雪 / 骆达华 / 陈浩民 / 林静 / 施羽 / 钟淑慧 / 刘品言 / 刘雪华 / 赵毅 / 彭于晏 / 陈牧扬 / 杨雪 / 孙耀威 / 叶璇 / 张茜 / 陈鸿梅 / 刘家辉 / 何中华 / 贾青 / 吴岱融 / 杨旻娜 / 周野芒 / 韩雯雯 / 戴兆安,剧情 / 爱情 / 古装,中国大陆,36,43,6.4,2125
霍元甲,2007,关锦鹏 / 鞠觉亮,陈翘英,郑伊健 / 陈小春 / 周牧茵 / 屈玥 / 梁家仁,剧情,中国大陆 / 香港,42,,6.4,1184
家有儿女初长成,2018,林丛 / 赵牛,李建宏,张一山 / 张晔子 / 高亚麟 / 王琳 / 周小斌 / 宋宁 / 郭芯如 / 彭艺博 / 东靖川 / 张艺文 / 夏天 / 翟冠华 / 王歌,喜剧 / 家庭,中国大陆,100,25,6.4,3119
你是我的眼,2015,田镇,张瀚予,沈腾 / 许龄月 / 贾玲 / 曹海军 / 张英 / 孙大川 / 王晓 / 王翀 / 林鹏 / 天娜,剧情 / 喜剧,中国大陆,36,45,6.4,579
猎鹰1949,2009,钱雁秋,钱雁秋,张子健 / 梁冠华 / 曲栅栅 / 苑冉 / 须乾 / 戴云霞 / 严燕生 / 刘亚津 / 傅隽 / 赵志刚 / 王心圣,剧情 / 动作 / 悬疑,中国大陆,39,40,6.4,1051
古今大战秦俑情,2011,陈嘉上 / 刘一志,李嘉音,杜淳 / 安以轩 / 罗嘉良 / 赵阳 / 安钧璨 / 方安娜 / 宁晓志 / 顾宝明,古装,中国大陆,43,45,6.4,2377
西游记,2011,张建亚,高大庸 / 郎雪枫 / 黄永辉 / 刘毅,吴樾 / 聂远 / 臧金生 / 徐锦江 / 王九胜 / 刘涛,动作 / 奇幻 / 冒险 / 古装,中国大陆,60,45,6.4,6772
吕不韦传奇,2001,周晓文,周晓文 / 吴小耕 / 张大千 / 王安庆,张铁林 / 宁静 / 陈好 / 高虎 / 张志红 / 高亚麟 / 赵雍 / 马仑,剧情 / 爱情 / 武侠 / 古装,中国大陆,29,48,6.4,5709
爱情公寓番外篇：辣味英雄传,2015,韦正,汪远,陈赫 / 娄艺潇 / 孙艺洲,剧情 / 喜剧 / 爱情 / 短片,中国大陆,4,10,6.4,1553
太太万岁,2016,沈严 / 刘海波,陈彦,闫妮 / 许亚军 / 张晨光 / 刘莉莉 / 赵子琪 / 谭凯 / 张璇 / 盛冠森 / 袁文康 / 朱锐 / 武泽锦熙,剧情 / 家庭,中国大陆,42,45,6.4,998
女孩冲冲冲,2009,范小天,王远,黄圣依 / 汤镇业 / 王亚楠 / 井柏然 / 杨紫 / 刘仪伟 / 保剑锋 / 景岗山 / 陈龙 / 喻恩泰 / 苑琼丹 / 王晓晨,剧情 / 喜剧,中国大陆,36,,6.4,558
菩提树下,2010,赖水清,李容 / 张译兮,汉良 / 刘恺威 / 吕一 / 杨蕊 / 赵会南 / 陈莎莉 / 李子雄 / 张译木 / 白雪云 / 肖光奕 / 高晓菲 / 侯勇,剧情 / 爱情,中国大陆,53,40,6.4,935
女不强大天不容,2016,余淳,六六,海清 / 杜淳 / 陈小艺 / 张译 / 秦海璐 / 贾景晖 / 李野萍 / 高明 / 安悦溪 / 刘雅瑟 / 田雨 / 李心敏 / 朱颜曼滋 / 陈希郡 / 吴连生 / 田雷 / 洪剑涛 / 陈卫 / 曹毅 / 石燕京 / 邵峰 / 哈斯高娃 / 梁馨 / 巴图 / 田淼 / 余皑磊 / 王博谷 / 洛葳 / 王伯昭 / 丁玥元,剧情 / 家庭,中国大陆,41,45,6.4,2332
盛势,2018,杨龙,柴鸡蛋,龚俊 / 徐峰 / 李乔丹 / 蒙恩 / 梁雪峰 / 陈汛 / 徐鹤峰 / 殷飞 / 陈泇文 / 吴雅君 / 纪焕博,喜剧 / 动作 / 爱情,中国大陆,30,25,6.4,1862
大唐荣耀2,2017,刘国楠 / 尹涛,刘芳 / 李惠敏,景甜 / 任嘉伦 / 万茜 / 舒畅 / 秦俊杰 / 茅子俊 / 于小伟 / 刘威葳,剧情 / 爱情 / 古装,中国大陆,32,32,6.4,7524
太平天国,2000,陈家林,张笑天,高兰村 / 王诗槐 / 孙飞虎 / 王菁华 / 张志忠 / 韩再峰 / 何永生 / 刘兵 / 杨童舒 / 李建群 / 卢勇 / 于德安 / 金玉婷 / 周迅 / 胡天鸽 / 侯永生 / 李明 / 王岗 / 林强 / 黄河 / 师小红 / 彭军 / 陈保家 / 韩振华 / 周易伦 / 宋日昕 / 赵景文 / 徐洪浩 / 潘杰 / 史宗宏 / 苏克石 / 刘海利 / 胡小庭 / 李全忠 / 孙德利 / 梁兴家 / 王基民 / 兰岚 / 汤志江 / 郝铁男 / 郭涛 / 蔡棣 / 李延松 / 杜君 / 杨静 / 胡兆峰 / 张杰 / 陆伟 / 钟鑫培 / 杨基民 / 宋来运 / 王海龙 / 贺阳 / 威廉·诺安 / 崔岱 / 侯天来 / 朱艺丹 / 包斯 / 薛中锐 / 刘毓滨 / 张晓波 / 李哲民 / 刘刚 / 叶庆林 / 吴宏厚 / 赵毅 / 许毛毛 / 盖丽丽 / 张光政 / 王举,剧情 / 历史 / 战争 / 古装,中国大陆,46,45,6.4,1323
班淑传奇,2015,朱锐斌 / 徐惠康,张巍,景甜 / 张哲瀚 / 李心艾 / 李佳航 / 李晟 / 付辛博 / 邓莎 / 张馨予 / 关晓彤 / 米热 / 恬妞 / 蒋依依 / 迪丽热巴 / 杨恭如 / 邱心志 / 王琳,剧情 / 喜剧 / 爱情 / 古装,中国大陆,42,40,6.4,4256
古剑奇谭,2014,梁胜权 / 黄俊文,邵潇逸 / 逐风,杨幂 / 李易峰 / 马天宇 / 乔振宇 / 郑爽 / 钟欣潼 / 陈伟霆 / 张智尧 / 陈紫函 / 张檬 / 高伟光 / 张云龙,剧情 / 奇幻 / 武侠 / 古装,中国大陆,52,45,6.4,35191
云上的诱惑,2013,刘心刚,谢丽虹,李泰兰 / 张博 / 谭凯 / 曾泳醍 / 殷叶子 / 龚海铭 / 李泰 / 艾东,剧情 / 爱情,中国大陆,28,,6.4,229
越活越来劲,2018,刘流 / 周英男,徐正超,刘流 / 闫学晶 / 范明 / 修睿 / 张璇 / 乔杉 / 王君平,剧情 / 喜剧,中国大陆,50,45,6.4,251
三生三世十里桃花,2017,林玉芬 / 余翠华,弘伙 / 唐七,杨幂 / 赵又廷 / 张智尧 / 迪丽热巴 / 高伟光 / 张彬彬 / 于朦胧 / 连奕名 / 黄梦莹 / 祝绪丹 / 刘芮麟 / 代斯,剧情 / 爱情,中国大陆,58,45,6.4,123602
魔幻手机,2008,余明生,九年,李滨 / 陈创 / 舒畅 / 谢宁 / 洪乙心 / 陈明昊 / 于珈若 / 王伟光 / 柳小海 / 张倩 / 焦恩俊,喜剧 / 奇幻,中国大陆,42,45,6.4,9455
许你浮生若梦,2018,高寒,马春涛 / 符斯芸 / 韩静,朱一龙 / 安悦溪 / 程砚秋 / 朱鉴然 / 方逸伦 / 李德龙 / 帝娜 / 李感,剧情 / 爱情,中国大陆,40,45,6.4,16297
转角遇到爱,2007,唐迪 / 林合隆,柴智屏 / 安婕 / 杨碧凤,徐熙媛 / 罗志祥 / 陈至恺 / 姜超 / 路嘉欣 / 藤冈靛 / 庾澄庆 / 方芳 / 陈珮骐 / 黄鸿升 / 陈彦儒 / 张立威 / 瓦娜 / 范明 / 李晟 / 沈孟生 / 张瑞珈 / 肖剑,爱情,中国大陆 / 台湾,24,26,6.4,20567
侠女闯天关,2000,朱延平,江佩玲,赵薇 / 吴奇隆 / 顾宝明 / 郝劭文 / 曹骏 / 岳跃利 / 刘孜,剧情 / 喜剧 / 动作,香港 / 中国大陆 / 台湾,31,40,6.4,14127
惹上冷殿下,2018,青,谭梓豪 / 张梦琳 / 钟文轩 / 傅舒雯,郭俊辰 / 孙艺宁 / 赵弈钦 / 马力 / 程慕轩,爱情,中国大陆,30,,6.4,4157
聚宝盆,2003,陈活威,杜文和,张卫健 / 张庭 / 范冰冰 / 梁冠华 / 朱泳腾 / 许还山 / 寇振海 / 徐松子 / 薛佳凝 / 郑毓芝  / 彭丹 / 高强,剧情 / 古装,中国大陆,37,45,6.4,9572
九岁县太爷,2001,黄海刚,贺恒祥,曹骏 / 释小龙 / 吴孟达 / 曹颖 / 王光辉 / 李岚 / 李志舆 / 高宝宝 / 方子哥 / 沈保平 / 李大强,剧情 / 喜剧,中国大陆 / 香港,35,55,6.4,11138
雪花女神龙,2002,张俊,东函,董璇 / 任天野 / 乔振宇 / 孙耀威 / 陈孝萱 / 连凯 / 张茜 / 左百学,武侠,中国大陆,45,46,6.4,5889
追鱼传奇,2013,黄锦钿,邓紫珊 / 范圣怡 / 丁鹂 / 屈定琴 / 荣芳,赵丽颖 / 关智斌 / 戴娇倩 / 丁子峻 / 曹馨月 / 张明明 / 白珊,爱情 / 奇幻 / 古装,中国大陆,36,40,6.4,3495
精卫填海,2005,羽笛,习辛,舒畅 / 李解 / 许还幻 / 颜丹晨 / 徐少强 / 吴奇隆 / 贾娅 / 刘名楷 / 陆羽 / 张天舒 / 何波 / 郝一平 / 温海波 / 张永麟,奇幻 / 古装,中国大陆,38,45,6.4,3469
最后的格格,2007,刘逢声 / 周家文,于正,霍思燕 / 陈键锋 / 严屹宽 / 唐宁 / 孙兴 / 萧蔷 / 程莉莎 / 午马 / 陈秀丽 / 田牧宸 / 洪欣 / 程思寒 / 沈保平 / 韩振华 / 宗峰岩 / 卫莱,剧情 / 爱情,中国大陆,33,,6.4,1375
新恋爱时代,2013,张晓光,王海鸰,任重 / 姚笛 / 高露 / 郑凯 / 曾泳醍 / 吕良伟 / 张凯丽 / 王阳 / 张檬 / 孟非 / 黄菡 / 乐嘉 / 彭宇 / 李好,爱情 / 家庭,中国大陆,36,,6.4,8191
开封奇谈,2017,孙恺凯 / 张明国,张仕栋 / 马佳妮 / 晓晨兽,李川 / 符龙飞 / 易柏辰 / 黄新皓 / 初俊辰 / 卢秋宏 / 王雯雯 / 章贺 / 李火火,喜剧 / 悬疑 / 古装,中国大陆,25,40,6.4,1487
保姆,2007,刘新,王丽萍,陶虹 / 奚美娟 / 王志飞 / 王志华 / 郝平 / 李雨泽 / 任伟 / 吴玉芳 / 郑毓芝  / 童维佳 / 蒋宝英 / 李晨涛 / 胡晴云 / 吴静为 / 源唯杰 / 王乙轩 / 钱芳 / 廉叔良 / 李佳璘 / 赵文睿 / 周海燕 / 郑琴 / 屠炎 / 毕远晋 / 戴兆安 / 王春,剧情 / 爱情,中国大陆,24,45,6.4,619
七品钦差刘罗锅,2002,高建国,路远,陈小春 / 刘小锋 / 徐少强 / 涓子 / 叶童,剧情 / 喜剧 / 历史 / 武侠 / 古装,中国大陆 / 香港,40,40,6.4,223
曹老板的十八个秘书,2005,陈晓雷,许晔,任程伟 / 张恒 / 句号 / 苏岩 / 姜鸿 / 张炬 / 王若子,喜剧 / 爱情,中国大陆,32,,6.4,213
江城警事,2017,刘光,黄鉴,林雨申 / 杨烁 / 张佳宁 / 戴娇倩 / 魏积安 / 王璐瑶 / 张嘉译 / 汤镇业 / 冯国强 / 石廷傲 / 杜功海 / 蒋小涵,剧情 / 犯罪,中国大陆,32,45,6.4,228
火烧阿房宮,1996,李翰祥 / 夏祖辉,高阳 / 吕红,刘晓庆 / 羅飛宇 / 张山,剧情 / 爱情 / 历史 / 战争 / 古装,中国大陆 / 香港,40,40,6.4,141
绝密1950,2009,唐敬睿,赵舒亚,王新军 / 天仙妹妹,,中国大陆,30,,6.4,143
天使的城,2015,杨阳,杨阳,马苏 / 李晨 / 袁姗姗 / 袁弘 / 应采儿 / 赵传 / 乔振宇 / 田征 / 赵倩 / 姜晓冲 / 阿楠 / 博隆 / 矢野浩二,剧情 / 爱情 / 家庭,中国大陆,38,,6.4,1619
大唐女巡按,2011,尤小刚 / 陶玲玲,臧里 / 臧希,欣潼 / 陈浩民 / 王姬 / 汤怡 / 万妮恩,悬疑 / 古装,中国大陆,30,,6.4,783
食人鱼事件,2007,小岛,石小克,李强 / 陈数 / 韩青 / 徐永革,剧情 / 悬疑 / 惊悚 / 恐怖,中国大陆,22,51,6.4,353
明天我不是羔羊,2006,沙碧红,,韩雪 / 杨雪 / 朱泳腾,剧情,中国大陆,24,,6.4,454
第九个寡妇,2012,黄建勋,严歌苓,叶璇 / 刘佩琦 / 李东学 / 肖轶 / 方慧 / 张春年 / 左腾云 / 李蓓蕾 / 迟蓬 / 李肖宁,爱情 / 历史,中国大陆,33,42,6.4,527
错爱2,2008,柳国庆,于漫洋,何政军 / 温峥嵘 / 赵丽娟 / 张植绿 / 胡倩琳,,中国大陆,25,,6.4,395
选妃记,2002,张辉力 / 解维崇,甘辉,刘小锋 / 陈好 / 何赛飞 / 周丽 / 樊志起 / 黑子 / 一真 / 焦体怡 / 王九胜 / 钱洁,剧情 / 爱情 / 古装,中国大陆,24,45,6.4,395
谍战深海,2012,王雁,李松,王志文 / 刘佳 / 姚刚 / 秦子越 / 墨阳 / 董玥 / 巫刚 / 李进荣 / 秦子越 / 王策,悬疑,中国大陆,34,40,6.4,367
山海经之山河图,2015,杜家晔,竺灿文化 / 三途 / 高菲,杜光祎 / 黄政浩 / 李舒雯 / 马丽兹 / 陈冠宁 / 杜家晔 / 杨羽 / 江天祐 / 萨钢云,剧情 / 喜剧 / 动作 / 爱情 / 奇幻,中国大陆,20,20,6.4,343
红孩儿,2005,余明生 / 赵箭,,叶童 / 焦恩俊 / 丁宇佳,,中国大陆,30,,6.4,284
酷爸俏妈,2015,丁黑,刘伯翰,李光洁 / 佟丽娅 / 高露 / 朱锐 / 赵子琪 / 桑帅 / 周德华 / 闾汉彪 / 高亚麟 / 殷桃 / 杜志国 / 黄爱玲 / 杨梓嫣 / 肖涵 / 戴墨 / 陈文淇 / 彭艺博,剧情 / 家庭,中国大陆,40,40,6.4,806
火帅,2002,李平,莫嘉陵,张铁林 / 张庭 / 黄海冰 / 卢星宇 / 杨旻娜 / 陈莹 / 闫妮,剧情 / 古装,中国大陆,28,49,6.4,453
黛玉传,2011,李平,盛和煜,马天宇 / 闵春晓 / 邓莎 / 陶昕然 / 李佳璘 / 郑毓芝  / 陈鸿梅 / 孙艺洲,爱情 / 古装,中国大陆,35,45,6.4,1281
鹰隼大队,2009,彭昱凯,王功,沙溢 / 殷桃 / 林永健,剧情,中国大陆,20,,6.4,612
夜半歌声,2005,黄磊,黄磊,徐熙媛 / 黄磊 / 何润东 / 孙莉 / 刘德凯,剧情,中国大陆 / 台湾,30,,6.4,471
解忧买手店,2016,范阳仲,卢蕾 / 范懿铭 / 齐踊,李易峰,爱情 / 短片,中国大陆,5,3,6.4,794
在悉尼等我,2006,朱翊,薛海翔,薛佳凝 / 朱翊 / 左翎 / 郭凯敏 / Clare Griggs / 王翔弘 / 周岚 / 朱茵 / 钱泳辰 / Alex Morcos,剧情 / 爱情,中国大陆 / 澳大利亚,21,45,6.4,336
李小环与苗翠花,2008,杨绍鸿,,郭霭明 / 田海蓉 / 谭耀文,,中国大陆,42,,6.4,684
爱上单眼皮男生,2005,王丽文,胭脂,夏雨 / 周韵 / 艾东,剧情,中国大陆,25,45,6.4,262
无间道,2016,洪金泼 / 梁国斌,欧冠瑛,王阳 / 罗仲谦 / 朱锐 / 苏丽珊 / 罗嘉良 / 廖碧儿 / 曾志伟 / 任贤齐 / 刘松仁 / 卢海鹏 / 石修 / 梁靖琪 / 梁汉文 / 吴廷烨 / 张松枝 / 朱鉴然 / 姜皓文 / 艾威 / 郭政鸿 / 周俊伟 / 杨天经 / 林嘉华 / 林俊贤 / 车婉婉 / 龚慈恩 / 陆骏光 / 赵雅淇 / 汤加文 / 元彪 / 郑家生  / 陈安莹 / 黄竣锋 / 张文杰 / 罗浩楷 / 潘绍聪 / 古天祥,剧情 / 悬疑 / 犯罪,中国大陆 / 香港,30,45,6.4,176
天火传说,2011,董棣华 / 谭穗铭,朱柳华 / 何世杰 / 郭智慧,王成 / 汪旭 / 苏航 / 肖博 / 任巡 / 吴海若,科幻,中国大陆,60,25,6.4,76
想明白了再结婚,2015,尹涛,马广源,佟大为 / 王丽坤 / 邓家佳 / 骆达华 / 梁丽 / 张曦文 / 张璇 / 刘莉莉 / 李光复 / 沈丹萍 / 任东霖 / 叶一云,剧情 / 爱情,中国大陆,38,40,6.4,1772
新一剪梅,2010,卢伦常,叶广荫,霍建华 / 吕一 / 陈思诚 / 李立群 / 樊少皇 / 乔任梁 / 王琳,剧情,中国大陆,40,45,6.4,931
中国地,2011,阎建钢,赵冬苓,李幼斌 / 萨日娜 / 刘交心 / 李大强 / 石天琦 / 李金哲 / 战菁一 / 秦焰 / 徐卫 / 王雨 / 张译文,历史 / 战争,中国大陆,38,45,6.4,686
上阵父子兵,2013,花箐,中夙,范伟 / 张桐 / 衣珊 / 杨佳音,剧情 / 战争,中国大陆,28,,6.3,368
红粉,2007,范小天 / 王永,黄小初 / 黄蓓佳 / 卢新宇 / 傅琦,张智霖 / 郭可盈 / 罗海琼 / 孙逊,剧情 / 爱情,中国大陆,33,40,6.3,316
侦探小说,2010,刘新,高山,冯远征 / 巫刚 / 周显欣,悬疑 / 犯罪,中国大陆,30,40,6.3,82
大明按察使,2013,黄克敏,廉声,姚橹 / 丁勇岱 / 李芯逸 / 高鑫 / 艾东 / 杨旸 / 翟小光 / 于小慧 / 姜超 / 刘交心 / 高婷婷 / 董妮娜 / 马精武 / 刘亚津 / 李君峰 / 薛淑杰,悬疑 / 古装,中国大陆,30,45,6.3,432
二胎,2014,庞好,蓝叶,蒋欣 / 曹炳琨 / 莫小棋 / 冯嘉怡 / 潘虹 / 刘莉莉 / 李勤勤 / 高宝宝 / 高露 / 郭凯敏 / 秦焰 / 孙桂田 / 王也天 / 卜冠之,剧情 / 家庭,中国大陆,33,45,6.3,395
我们这拨人,2013,刘心刚,韩延,夏雨 / 宋佳 / 廖凡 / 王宝强 / 郭京飞 / 白百何 / 许歌 / 徐岑子,剧情,中国大陆,30,45,6.3,469
谁是你的菜,2013,韦正 / 李蔚然,,黄渤 / 罗志祥 / 张国立 / 杨颖,短片,中国大陆,5,,6.3,785
探长欧光慈,2002,刘惠宁,蓝玛,李诚儒 / 金巧巧 / 胡亚捷 / 陈小艺 / 王诗槐,剧情,中国大陆,20,45,6.3,64
喜耕田的故事2,2009,牛建荣,牛建荣,林永健 / 王亚军 / 田亮,剧情,中国大陆,22,,6.3,86
自古英雄出少年,2012,,张伟克,释小龙 / 白静 / 孙一明 / 吴磊 / 郑伟 / 方旭 / 郑佩佩 / 梁家仁 / 汤镇宗 / 张永健,儿童,中国大陆,38,,6.3,133
无法抗拒,2007,王小康,王静茹,邵兵 / 涓子 / 李明启,,中国大陆,24,,6.3,88
吾儿可教,2016,綦小卉,王思凝 / 任海啸 / 董丽雅,王刚 / 钱芳 / 于明加,剧情,中国大陆,48,45,6.3,138
将界,2016,蒋莱,林楚栋 / 蒋莱,姚岗 Gang Yao / 王彦彬,剧情 / 动作 / 悬疑 / 奇幻,中国大陆,10,20,6.3,135
嫁到非洲,2000,张绍林 / 李松桥,孟繁树 / 王琛 / 黑子 / 赖翠玲,潘雨辰 / 艾尔曼 / 韦达宝,剧情,中国大陆,19,45,6.3,113
女子刑侦学院,2004,王丽文,李敏,张达明 / 罗家英 / 陈晓东 / 陈美诗 / 廖隽嘉 / 张曼伶 / 梁靖琪,剧情 / 悬疑,中国大陆,20,40,6.3,127
家有喜妇,2014,孙金辉,孙金辉,袁姗姗 / 贾乃亮 / 陈小艺 / 高曙光 / 冉倩 / 白凯南 / 牟凤彬 / 李嘉诺 / 许媛媛 / 龙雨 / 杨杏 / 夏天,剧情 / 家庭,中国大陆,32,45,6.3,268
三十而立,2012,曹东,韩杰,任重 / 韩雨芹 / 赵锦焘 / 付悦 / 张桐 / 丁志城 / 刘金山 / 盖克 / 常蓝天 / 许娣,,中国大陆,33,,6.3,146
欧巴，我入戏了,2016,克里斯·马丁,乔系·比林斯 / 克里斯·马丁,丽芙·休森 / 丁世翰 / 裴都丽 / 全知泰 / 金思喜 / 崔始源 / 韩智敏,喜剧 / 爱情 / 奇幻,美国 / 中国大陆 / 韩,10,15,6.3,192
别让我看见,2015,王加宾,苏霆 / 秦放 / 陆寒凝 / 孟扬,李幼斌 / 何明翰 / 陈一诺 / 李歌 / 储志博 / 施京明 / 刘鉴,剧情,中国大陆,37,45,6.3,210
买房夫妻,2011,张永新,何晴,陶虹 / 王千源 / 方子春 / 邵汶 / 席与立 / 宁文彤 / 吴冕,剧情 / 家庭,中国大陆,32,40,6.3,278
你是我的梦,2008,黄伟杰,王宏辰(美) / 张翼,吴奇隆 / 沈畅 / 马天宇 / 姜鸿,爱情 / 奇幻,中国大陆 / 韩,3,45,6.3,190
失宠王妃之结缘,2015,胡意涓 Yijuan Hu / 佟仲琪 / 卢伟涛,雪灵之,李晟 / 高云翔 / 寇振海 / 黄宥明 / 黎一萱 / 王琳 / 霍政谚 / 申珉熙,剧情 / 爱情 / 古装,中国大陆,28,45,6.3,338
日月凌空,2007,路奇,吴因易,刘晓庆 / 焦恩俊 / 马晓伟 / 黄圣依,,中国大陆,40,,6.3,209
宽恕,2007,陈燕民,陈彦,王志文 / 许晴,剧情 / 爱情 / 悬疑 / 犯罪,中国大陆,32,40,6.3,274
陈真后传,2001,陈鲁,,梁小龙 / 何晴 / 陈宝国 / 金巧巧 / 申军谊,剧情,中国大陆,27,,6.3,225
我的爱对你说,2016,田少波,关仁山,余文乐 / 杨蓉 / 孙涛 / 朱一龙 / 王祉萱 / 董晴 / 黄爱玲 / 刘雪华 / 周浩东 / 方子哥,剧情 / 爱情,中国大陆,30,45,6.3,262
一颗颗眼泪都是爱,2008,刘二威,王培公,江珊 / 李颖 / 王骏毅 / 徐永革 / 施京明 / 刘佳 / 邓莎 / 萧浩冉 / 施大生 / 王辉 / 乔红 / 李婷 / 哈斯高娃,,中国大陆,32,,6.3,75
留学公寓,2013,,,,喜剧,中国大陆,6,,6.3,48
汉阳造,2014,董志强,邓原,邵兵 / 孙宁 / 黄诗佳 / 李曼 / 吴刚 / 舒耀瑄 / 江涛 / 何波 / 尹北琛,剧情 / 历史,中国大陆,46,,6.3,46
梦想光荣,2010,李骏,张莱 / 徐小朋 / 李一波 / 朱洪波,孙逊 / 李易祥 / 果靖霖 / 唐嫣,剧情,中国大陆,31,,6.3,51
偶然,2004,仪 伟,张 洁,王亚楠 / 张凤书 / 颜炳燕,剧情 / 爱情 / 家庭,中国大陆,29,45,6.3,387
非常90后,2010,泽西,泽西,彭玉 / 梁天 / 何音 / 谢孟伟 / 黄志忠 / 张铎 / 黄小蕾 / 陈丽娜 / 李颖 / 林源 / 米蒂 / 金韩一,剧情 / 家庭,中国大陆,25,,6.3,46
Hold住爱情,2014,B2 / 老姜,焦志浩,谢依霖 / 陈汉典 / 欧汉声 / 锦荣 / spexial,喜剧,中国大陆,12,20,6.3,46
雪域天路,2010,杨韬,黄志龙,刘威 / 岳红 / 奇道 / 江涛 / 尹铸胜,剧情 / 历史 / 战争,中国大陆,40,,6.3,46
情仇姐妹,2012,孙波 / 赵箭,,陶飞霏 / 靳东 / 王鹏凯 / 章贺 / 林伊婷 / 潘婕 / 刘静华 / 潘元甲 / 吴珏瑾 / 盖吉利,剧情 / 爱情,中国大陆,40,,6.3,51
尖刀战士,2010,赵俊凯,,叶璇 / 杨烁 / 于越 / 邹俊百,剧情,中国大陆,30,,6.3,68
莲花雨,2009,麦贯之,徐闰 / 沈立强 / 李扬,李国毅 / 曾恺玹 / 潘敏世 / 吕晶晶 / 宋汶霏 / 关礼杰,剧情,中国大陆,30,40,6.3,81
新梁山伯与祝英台,1995,,,千百惠 / 贾宏声,,中国大陆,23,,6.3,64
幽灵计划,2008,于立清,余沥卿,黄志忠 / 颜丹晨 / 沈丹萍,,中国大陆,30,,6.3,78
六个陌生人,2012,飯田譲治 / 马进,飯田譲治,金孝珍 / 吴智昊 / 唐泽寿明 / 黄川田将也 / 林保怡 / 刘璇 / 北村一辉 / 神野三铃 / 森田凉花 / 韩彩英 / 涂松岩,悬疑,日本 / 韩国 / 中国大陆,15,,6.3,102
烟雨斜阳,2010,高翊俊,楊曼麗,陈键锋 / 佟丽娅 / 杨雪 / 黄文豪 / 俞小凡 / 岳跃利 / 陶慧敏 / 郭金,剧情,中国大陆,35,,6.3,181
影后胡蝶,1996,尹大为,,马丽 / 颜丙燕 / 谢若琳 / 赵燕国彰,,中国大陆,20,,6.3,71
失踪女人,2005,柳国庆,柳国庆,温峥嵘 / 胡亚捷 / 孙　松 / 韩月乔,剧情 / 家庭 / 犯罪,中国大陆,23,42,6.3,71
卧龙小诸葛,2001,薛文华,,任泉,古装,中国大陆,30,40,6.3,76
青花,2004,周祥林,赵本夫,赵雅芝 / 斯琴高娃 / 刘卫华 / 李建群 / 戴娆 / 孙铁 / 陈曦,剧情,中国大陆,20,,6.3,100
家和万事兴之双喜临门,2004,英达,萧峰,姜武 / 英达 / 蔡明 / 虞梦 / 曾志伟 / 葛存壮,,中国大陆,,,6.3,97
乡村名流,2009,郭林,,王小利 / 孙立荣 / 张家豪 / 田娃 / 金孜孜 / 陆遥 / 唐鉴军 / 蒋依杉,,中国大陆,35,,6.3,110
家和万事兴之天伦之乐,1999,张惠中,,赵本山 / 范伟 / 白珊,,中国大陆,,,6.3,89
迷侠,2000,鞠觉亮 / 郑健荣 / 吴家骀,,黄文豪 / 李小璐 / 恬妞 / 张振寰 / 陈观泰 / 高玉庆,武侠 / 古装,中国大陆,20,,6.3,117
先生，你哪位,2016,刘嘉殷,金希,高晴 / 岳云鹏 / 班嘉佳 / 张立威 / 陈佳佳 / 朴铄 / 詹姆斯·奥夫斯,剧情,中国大陆,16,20,6.3,149
辣妈俏爸,2013,胡明凯,张炭,胡杏儿 / 于波 / 马天宇 / 吴孟达 / 马羚 / 方青卓 / 谢园 / 蒋恺 / 陈奕 / 杨紫彤,喜剧 / 古装,中国大陆,34,45,6.3,163
母亲的战争,2011,刘新,翘楚,姜宏波 / 郝平 / 张少华 / 任帅 / 奚美娟 / 王茜华 / 高斯 / 肖剑,家庭,中国大陆,32,50,6.3,154
赛小花的远大前程,2017,甘露,饶晖,李晟 / 魏千翔 / 涂松岩 / 立威廉 / 刘真君 / 陆媛媛,剧情 / 爱情,中国大陆,42,45,6.3,198
大珍珠,2007,白韬,汪洋,殷桃 / 保剑锋 / 岳跃利 / 郭珍霓 / 霍亚明 / 卓凡 / 曹艳,剧情 / 家庭,中国大陆,36,,6.3,232
少年神探狄仁杰,2014,林峰,周炳坤 / 周岩 / 陈斯远 / 袁源,黄宗泽 / 林心如 / 袁弘 / 马天宇 / 戚薇 / 吴倩 / 孙骁骁,悬疑 / 古装,中国大陆,40,43,6.3,3509
岳母的幸福生活,2012,王志军 / 金雷,王志军,王丽云 / 李勤勤 / 柳岩 / 杨议 / 孙骁潇 / 叶静 / 夏力薪 / 周显欣 / 林京来 / 李坤霖 / 姬麒麟 / 阎青妤,,中国大陆,30,,6.3,645
我是特种兵之利刃出鞘,2012,刘猛,刘猛,吴京 / 徐佳 / 侯梦莎 / 侯勇 / 赵荀 / 刘晓洁 / 徐洪浩 / 王劲松,剧情,中国大陆,38,,6.3,5840
达摩祖师,1999,蒲腾晋 / 袁英明,刘莹 / 赵玉岗 / 林慧津,吕良伟 / 俞小凡 / 翁虹 / 杨丽菁 / 陈明真 / 杨恭如 / 蒋勤勤 / 范冰冰 / 孙莉 / 李小冉 / 王彤 / 刘思彤 / 连静雯 / 屈中恒,剧情 / 奇幻 / 武侠 / 古装,台湾 / 中国大陆,40,50,6.3,2409
飘香剑雨,2018,胡明凯 / 罗志刚,陈茂贤 / 古龙,吴优 / 任言恺 / 刘家琪 / 肖燕 / 高广泽 / 汤晶晶 / 贾宗超 / 骆明劼 / 卓煜茜 / 王博 / 于洋 / 张奕,武侠 / 古装,中国大陆,36,45,6.3,4897
马大帅Ⅱ,2005,赵本山,白铁军,赵本山 / 宁静 / 范伟 / 艾敬 / 孟真 / 赵钢 / 王平,喜剧 / 家庭,中国大陆,30,,6.3,1189
佛跳墙,2001,陈树楷,,李湘 / 夏雨 / 王学兵 / 牛振华 / 杨贵媚 / 沈晓海 / 田蕾 / 梁冠华 / 张茜 / 李烨 / 尹明 / 文兴宇 / 代乐乐 / 李连义,剧情 / 爱情 / 古装,中国大陆,30,40,6.3,2181
黎明决战,2017,刘江,林和平 / 何可可,王千源 / 刘诗诗 / 张晞临 / 曹炳琨 / 任正斌 / 王绘春 / 田小洁 / 屠洪刚 / 刚毅 / 李梦 / 王紫齐,剧情 / 悬疑,中国大陆,31,45,6.3,9232
末代皇妃,2004,滕文骥,张永琛,蒋勤勤 / 李亚鹏 / 黄奕 / 王亚楠 / 刘涛 / 赵亮 / 向能 / 孙艺菲 / 李钰 / 方子哥 / 雷恪生 / 王劲松 / 冯远征 / 侯勇 / 王琳,剧情 / 历史,中国大陆,40,,6.3,745
吕布与貂蝉,2001,陈凯歌 / 龙光浩 / 杨文军 / 李凯基,李辉 / 汪海林 / 阎刚,黄磊 / 陈红 / 傅彪 / 耿乐 / 李小璐 / 袁泉 / 尤勇 / 赵丽娟 / 聂远 / 保剑锋 / 释小龙,剧情 / 古装,中国大陆,35,41,6.3,2965
重返20岁,2018,高林豹,徐子沅,韩东君 / 胡冰卿 / 秦汉 / 归亚蕾 / 姚星彤 / 张超 / 张雅钦 / 王阳 / 姜尘 / 杨青 / 姜正阳 / 那家威 / 侯桐江 / 蒋中伟 / 丛瑞麟 / 衣云鹤 / 苏茂 / 陈慧娟 / 左金珠 / 艾佳妮 / 罗鸣 / 邹敦明 / 郑好 / 叶丽娜 / 陈天晓 / 付思琪 / 黄欣欣 / 冯圣雅 / Steven / 艾伦 / 王大为 / 赵鸣,剧情 / 喜剧 / 奇幻,中国大陆,26,40,6.3,2170
鹿鼎记,2014,赖水清 / 邓衍成 / 谭锐铭 / 萧碧村,金庸 / 刘殿润,韩栋 / 张檬 / 贾青 / 吴倩 / 张馨予 / 魏千翔 / 娄艺潇 / 赵圆瑗 / 王雅慧 / 米雪 / 王琳,剧情 / 武侠 / 古装,中国大陆,50,45,6.3,3431
一又二分之一的夏天,2014,张林子,朴敏贞,尼查坤·抔勒威查固 / 蒋劲夫 / 徐璐 / 朱丹 / 孟佳 / 于文文 / 周晓鸥,喜剧 / 爱情,中国大陆 / 韩,27,45,6.3,4024
暗黑者2,2015,周琳皓,白一骢 / 张鸢盎 / 汤祈岑,郭京飞 / 甘露 / 李倩 / 张瑞涵 / 李岷城 / 王菁 / 宿丹 / 梁大维 / 曲少石 / 张黎明 / 阎汶宣 / 宁财神 / 陆毅 / 鲍莉,剧情 / 悬疑 / 犯罪,中国大陆,49,40,6.3,6073
封神榜之凤鸣岐山,2006,金国钊 / 程力栋,程瑞龙 / 陈龙骧 / 大黑,范冰冰 / 周杰 / 马景涛 / 刘德凯 / 关礼杰 / 午马 / 杜志国 / 许还山 / 金巧巧 / 郭凯敏 / 吴佳尼 / 李建新,动作 / 历史 / 奇幻,中国大陆,40,45,6.3,4055
律政佳人,2004,缪永,缪永,曹颖 / 陈莹 / 谭皓 / 刘牧 / 王雅捷 / 季晨 / 严艺丹,剧情 / 爱情,中国大陆,22,46,6.3,2567
名扬花鼓,2004,明泉辉,王莉芝,陈坤 / 曾宝仪 / 陈志朋 / 顾宝明 / 方青卓 / 黄觉 / 毛乐 / 邹娜,剧情 / 古装,中国大陆,34,46,6.3,6406
鲜肉老师,2017,柯政铭,张佳,白客 / 孔连顺 / 郑合惠子 / 陈钰琪 / 易小星 / 于白水 / 李雨奚 / 魏大勋 / 周奇 / 刘杰毅 / 张轶峰 / 赖艺 / 徐超 / 李恒建,喜剧,中国大陆,24,30,6.3,4464
人生若如初相见,2018,何澍培,贾东岩 / 武瑶 / 赵实 / 张晗 / 匪我思存,韩东君 / 孙怡 / 方中信 / 邹廷威 / 郑罗茜 / 徐正溪 / 侯勇 / 吕佳容 / 马敬涵 / 邵美琪 / 黄文豪 / 陈若轩 / 孔垂楠 / 于波 / 高雄,剧情 / 爱情,中国大陆,50,45,6.3,8437
万万没想到,2015,易小星,至尊玉,白客 / 胡洁琼 / 刘浩 / 葛布 / 刘循子墨,喜剧,中国大陆,6,9,6.3,7954
舌害,2018,郑潇,宝卿 / 王清宇,宋祖儿 / 徐正溪 / 柳小海 / 周韵茹 / 宋海颉,喜剧 / 爱情,中国大陆,18,44,6.3,2401
相爱穿梭千年,2015,张荣佑,徐载源 / 权昭罗 / 毕成功,井柏然 / 郑爽 / 谢依霖 / 陈翔 / 黄柏钧 / 周雨彤 / 彭凌 / 杨森 / 谢彬彬 / 林珍娜 / 陶慧 / 李感,剧情 / 爱情 / 历史 / 奇幻,中国大陆 / 韩,20,45,6.3,10370
独孤天下,2018,何澍培,张巍,胡冰卿 / 张丹峰 / 安以轩 / 徐正溪 / 李依晓 / 应昊茗 / 黄文豪 / 邹廷威 / 卢星宇 / 李瑞超 / 赵毅新 / 郜思雯 / 刘帅 / 张茜 / 吕一 / 马敬涵,爱情 / 古装,中国大陆,55,45,6.3,9420
麻雀,2016,金琛 / 周远舟,海飞,李易峰 / 周冬雨 / 张鲁一 / 李小冉 / 张若昀 / 阚清子 / 魏巍 / 尹正 / 王劲松 / 史超 / 刘珈彤 / 王婉娟 / 吴云飞,剧情 / 悬疑,中国大陆,69,45,6.3,37917
幸福，近在咫尺,2018,陈意涵,许熠 / 唐小鹿 / 青岳工作室,陈意涵 / 王子奇 / 高圣远 / 张柏嘉 / 裴立言 / 夏若妍 / 徐永革 / 侯桐江 / 霄宇 / 李登芮 / 林美秀,爱情 / 奇幻,中国大陆,24,45,6.3,1415
天下粮田,2017,阚卫平,高锋,吴京安 / 徐僧 / 孙宁 / 宗峰岩 / 王绘春 / 郝平 / 侯岩松 / 马捷 / 吕星辰 / 陈洁 / 陈楚月,剧情 / 古装,中国大陆,40,45,6.3,770
一一之吻,2006,穆德远,万方,赵子琪 / 耿乐 / 何琳,剧情 / 爱情,中国大陆,20,,6.3,99
天涯赤子心,2010,陈朱煌,陈朱煌,陆子艺 / 孙天宇 / 寇世勋 / 冯绍峰 / 隋俊波 / 佟丽娅 / 刘宸希 / 岳虹 / 张明明,剧情 / 爱情 / 家庭 / 儿童,中国大陆 / 台湾,38,,6.3,942
离婚前规则,2012,刘家成,马广源,贾乃亮 / 白百何 / 高露 / 是安 / 郑恺 / 高洋 / 李小萌 / 李光复 / 梁丹妮 / 沈丹萍 / 李勤勤 / 韩童生 / 田岷 / 迟志强 / 杜旭东,剧情 / 爱情 / 家庭,中国大陆,34,45,6.3,7531
刁蛮公主逍遥王,2003,温成林,,天心 / 李丁 / 王冰 / 午马 / 邵峰,剧情 / 动作 / 爱情 / 历史,中国大陆,29,,6.3,1731
幸福从天而降,2014,安建,安建,刘涛 / 涂松岩 / 马梓涵 / 芦芳生 / 陈廷嘉 / 白庆琳 / 潘雨辰 / 冯雷 / 岳红,剧情 / 爱情 / 家庭,中国大陆,30,45,6.3,565
无盐女,2003,胡香兰 / 文清,王少波,潘虹 / 何苗 / 邱心志 / 潘仪君 / 沈晓海 / 斯琴高娃 / 许还山 / 徐敏 / 高峰 / 葛蕾 / 方圆 / 夏志祥 / 石亚军 / 钟鑫培 / 夏泰立 / 袁岷 / 蔡晶 / 蒋林静,爱情 / 古装,中国大陆 / 台湾,40,,6.3,801
六块六毛六那点事,2012,周小兵,周小兵,黄曼 Man Huang / 李乃文 / 房子斌 / 张少华 / 叶静,剧情 / 爱情 / 历史,中国大陆,32,40,6.3,159
劝和小组,2013,于荣光,,于荣光 / 归亚蕾 / 吕中 / 潘虹 / 高明 / 高亮 / 于小彤 / 杨雨婷 / 谢韵虹 / 鲍起静 / 郭金 / 苏瑾 / 朱晓渔 / 孙玮 / 穆麒同 / 苏倩薇 / 杜雨露 / 李梓萌 / 刘洁 / 施宁,剧情 / 喜剧 / 家庭,中国大陆,32,,6.3,226
你的味道,2017,赵原 / 侯宇,高角山工作室,王千源 / 万茜 / 何冰 / 李鸿其 / 任素汐,剧情 / 爱情 / 短片,中国大陆,5,7,6.3,322
当婆婆遇上妈,2011,田有良,李潇,潘虹 / 李勤勤 / 贾乃亮 / 李小璐 / 赵成顺 / 张绍荣 / 王思雅,剧情 / 喜剧 / 家庭,中国大陆,30,45,6.3,3812
延安颂,2003,宋业明 / 董亚春,王朝柱,唐国强 / 刘劲 / 马晓伟,剧情,中国大陆,40,40,6.3,283
一屋赞客,2015,明焱,苏来,,剧情,中国大陆,12,,6.3,343
北京，我的爱,2004,卫列,金均太,韩彩英 / 孙菲菲 / 金载沅 / 郭晓冬 / 安七炫 / 斯琴高娃 / 张铁林 / 史江 / 李孝政,剧情,中国大陆 / 韩,26,40,6.3,1074
心星的泪光,2009,林合隆,周平之 / 毛训容,言承旭 / 关颖 / 曾恺玹 / 陈至恺 / 章雯淇 / 丁宇辰 / 赵舜 / 刘瑞琪,爱情,中国大陆 / 台湾 / 日本,20,60,6.3,1291
爱情悠悠药草香,2013,蒋家骏,程婷钰,娄艺潇 / 宣萱 / 韩栋 / 钱泳辰 / 岳跃利 / 金铭 / 倪虹洁 / 仝晓燕 / 贾妮 / 孙雅 / 曾江 / 夏台凤 / 吕颂贤,剧情,中国大陆,48,,6.3,2398
谎言背后,2013,张族权,,侯天来 / 安泽豪 / 杨紫嫣 / 韩烨 / 张戈 / 顾佳 / 夏雨 / 张弛,爱情 / 家庭,中国大陆,39,,6.3,178
我的孩子我的家,2010,毛卫宁,周涌,刘佩琦 / 萨日娜 / 徐玉琨,家庭,中国大陆,43,60,6.3,284
六指琴魔,2003,吴勉勤,倪匡 / 吴勉勤,宁静 / 吴奇隆 / 高斯 / 陈浩民 / 常铖 / 后藤希美子 / 高子沣 / 张艳冰 / 李勤龙 / 段秋旭 / 史凡希 / 赵帅 / 卢勇 / 刘钇彤 / 张云可 / 公方敏 / 朱亚英 / 赵芸 / 周楠 / 王新芬 / 魏魏 / 洪宝 / 姜虹 / 牛耕环 / 俞建国 / 黄毛 / 车东 / 董蓉蓉 / 黎美 / 周芳 / 邵煜超 / 贾媛媛 / 许守钦 / 姚建明 / 刘建成,,中国大陆,33,,6.3,611
壮士出征,2008,蒲腾晋,阿贵,谢娜 / 孙兴 / 喻恩泰 / 刘璇,喜剧 / 古装,中国大陆,37,46,6.3,728
风声传奇,2010,董志强,汪启楠 / 汪遵熹 / 麦家,张歆艺 / 廖凡 / 刘威葳 / 胡可 / 田雨 / 李乃文 / 冯恩鹤 / 海一天 / 王若心 / 鲁园,剧情 / 悬疑,中国大陆,30,42,6.3,843
篮球部落,2004,周伟,刘慧东,邱泽 / 郭芯其 / 吴大维 / 吴悠 / 浦蒲 / 张勋杰 / 李晟 / 金珈 / 王希,运动,中国大陆,22,,6.3,841
海滩,2003,王丁,霍昕 / 金颂梅 / 王芸,周迅 / 李亚鹏 / 王学兵 / 李霞 / 陈思诚 / 彭心宜,剧情 / 爱情,中国大陆,20,,6.3,626
非缘勿扰,2013,赖水清,王恒之,苏有朋 / 秦岚 / 肖光奕 / 傅艺伟 / 张天霖 / 任珈锐,剧情 / 爱情,中国大陆,30,,6.3,2326
一见不钟情,2014,柯翰辰,刘蕊瑄,杨丞琳 / 郑恺 / 杨壹童 / 张勋杰 / 陈亦飞 / 徐洁儿 / 纪宁 / 恬妞,剧情 / 爱情,中国大陆,30,,6.3,1582
幸福美丽绽放,2014,安建,安建,刘涛 / 涂松岩 / 马梓涵 / 芦芳生 / 陈廷嘉 / 白庆琳 / 潘雨辰 / 冯雷,剧情 / 爱情 / 家庭,中国大陆,30,,6.3,209
无间道,2016,洪金泼 / 梁国斌,,王阳 / 罗仲谦 / 朱锐 / 苏丽珊 / 罗嘉良 / 廖碧儿 / 刘松仁 / 曾志伟 / 姜皓文 / 郭政鸿 / 艾威,剧情 / 悬疑 / 犯罪,中国大陆,12,45,6.3,2928
乱世桃花,2000,陈剑波 / 刚毅,庄宇新 / 陈世龙,俞飞鸿 / 吴孟达 / 吴京 / 马雅舒 / 叮当 / 卓凡 / 周野芒 / 秦焰 / 韩童生 / 邵峰 / 鲍国安 / 翁家明 / 黄达亮 / 聂雅亮 / 戚迹,剧情 / 古装,中国大陆,32,,6.3,1526
向左走，向右走,2004,姚远 Yuan Yao / 赖建国 Albert Lai,,陆毅 / 贾静雯,剧情,中国大陆,20,,6.3,1220
我不是妖怪,2016,李泽露,王佩,张雨剑 / 刘冬沁 / 王嵛 / 书亚信 / 吴优 / 左航,喜剧 / 奇幻,中国大陆,12,45,6.3,1324
溏心风暴3,2017,陈志江,方家逸 / 吴仲泉,黄宗泽 / 王浩信 / 李司棋 / 夏雨 / 米雪 / 关菊英 / 阮兆祥 / 李国麟 / 蒋志光 / 岑丽香 / 黄翠如 / 陈敏之 / 唐文龙 / 李忠希 / 马浚伟 / 周骢 / 庄思敏 / 李成昌 / 吴家乐 / 胡琳 / 梁舜燕 / 陈智燊 / 韩马利 / 苗可秀 / 郑希怡 / 冯盈盈 / 黄嘉乐 / 韦家雄 / 欧阳巧莹 / 杨柳青 / 张宝儿 / 李漫芬 / 罗乐林 / 谭嘉仪 / 黄得生 / 谭炳文 / 刘温馨 / 林泳淘 / 周丽欣 / 唐贝诗 / 黄智贤 / 汪明荃 / 黄长兴 / 黄夏蕙 / 陆浩明 / 文雪儿 / 张达伦 / 陈荣峻 / 杜燕歌 / 叶凯茵 / 周宝霖 / 朱敏瀚 / 何伟业 / 林淑敏 / 莫家淦 / 卫志豪 / 吴香伦 / 林伊丽 / 郭千瑜 / 陈伟琪 / 朱智贤 / 曹思诗,剧情,中国大陆 / 香港,40,45,6.2,10769
他来了，请闭眼,2015,张开宙,海宴 / 丁墨,霍建华 / 马思纯 / 张鲁一 / 王凯 / 尹正 / 章龄之 / 刘奕君 / 尹子维 / 曹苑 / 张昊唯 / 岳旸 / 霍亚明 / 崔心心 / 郭晓然 / 铁政 / 王永泉 / 孙梦佳,剧情 / 爱情 / 悬疑,中国大陆,24,40,6.2,31163
双响炮,2004,伍宗德,伍宗德,胡兵 / 陈好 / 刘若英 / 陈昭荣 / 白冰冰 / 陈坤 / 刘怡君 / 姚安濂 / 谢韵仪 / 张延 / 常铖,喜剧 / 爱情,中国大陆,42,45,6.2,10116
无心法师2,2017,游达志 / 李亦翀 / 李公乐 / 黄肖英,徐子沅 / 李楠 / 肖志瑶 / 尼罗 / 李倩,韩东君 / 陈瑶 / 李兰迪 / 王彦霖 / 披拉·尼迪裴善官 / 高泰宇 / 王艺诺 / 林栋甫 / 王妍苏,悬疑 / 奇幻,中国大陆,27,40,6.2,20098
北京青年,2012,赵宝刚,常琳 / 孙建业,杜淳 / 贺刚 / 任重 / 李晨 / 姚笛 / 马苏 / 王丽坤 / 张俪 / 曾泳醍 / 屈玥 / 杜江 / 李光洁 / 梁丹妮 / 高景文 / 宗平 / 崔志刚 / 程雍 / 赵成顺 / 马精武 / 冯军 / 王志飞 / 苏小明 / 宫晓瑄 / 马书良 / 田瑞辉 / 李婳 / 谢高峰,剧情,中国大陆,36,45,6.2,25220
女医明妃传,2016,李国立 / 郑伟文 / 卢泽良,张巍,刘诗诗 / 霍建华 / 黄轩 / 李呈媛 / 袁文康 / 金晨 / 吴磊 / 何音 / 何晴 / 刘立伟 / 王春元 / 朱虹 / 于莎莎 / 王新民 / 王丽媛 / 张雷 / 张柏俊 / 邓立民 / 吕梁 / 方子春 / 顾艳 / 卢森堡 / 张皓然 / 谭歆柔 / 李超 / 左金珠 / 马湘宜 / 易凝 / 胡冰卿 / 冯丽丽 / 徐晓璐 / 公方敏 / 常晋 / 李玮珽 / 彭豆豆 / 陈欣予 / 张逸杰 / 张籽沐 / 崔可法 / 屈刚 / 徐鹏凯 / 陆梅芳 / 曲哲明 / 韩振华 / 盛朗熙 / 陆媛媛 / 阳光 / 项瑾 / 金龙 / 周彦呈 / 姬晓飞 / 侯俊龙 / 于永海 / 李昱孚 / 楼芸昊 / 武泽锦熙 / 胡顺儿 / 夏子瑜 / 王豹,剧情 / 古装,中国大陆,50,45,6.2,24937
旋风少女,2015,成志超,祝明,胡冰卿 / 杨洋 / 白敬亭 / 陈翔 / 赵圆瑗 / 谭松韵 / 焦恩俊 / 吴磊 / 詹子潼,剧情 / 爱情,中国大陆,32,45,6.2,10606
我们这一班,2013,郑凯,黄嘉怡,黄健龙 / 陈政希 / 曾伟乐 / 方志康 / 何镇江 / 张小然 / 陈艺,喜剧 / 爱情 / 短片,中国大陆,10,10,6.2,43
春风十里，不如你,2017,马进,周涌 / 冯唐 / 韩鹏 / 许芃芃,周冬雨 / 张一山 / 尤靖茹 / 陈奕龙 / 魏健隆 / 齐溪 / 杨玥 / 周帅 / 孙伟豪 / 刘超 / 倪菘阳 / 方川 / 华娇 / 马心怡 / 刘承林 / 罗悠月 / 温丽琴 / 袁百梓卉 / 王骞 / 王畅唱 / 萨日娜 / 范逸臣 / 王龙 / 钱永 / 魏叶培 / 花子超 / 胡泽 / 尹志强 / 万鑫 / 白子墨 / 徐国帅 / 吴楠 / 符斌才 / 李明坤 / 张禹森 / 谭诗谦 / 尹恒 / 贾魏毅 / 侯学文 / 刘耀辉 / 李鱼 / 万俊宏 / 王媛媛 / 胡玉梅 / 美日班 / 刘静娜 / 王欣茹 / 任慧敏 / 杨洋 / 徐思瑶 / 潘彦伶 / 刘思祺 / 艾思思 / 张惠铜 / 安雅丽 / 银静文 / 陈忆君 / 谢佳恒 / 李阳 / 陈瑶 / 浦雅琪 / 王婉莹 / 聂石琴,剧情 / 爱情,中国大陆,40,42,6.2,47072
天乩之白蛇传说,2018,尹涛 / 刘国辉,李定桦 / 刘娅 / 李真如,杨紫 / 任嘉伦 / 茅子俊 / 李曼 / 刘学义 / 何杜娟 / 傅方俊 / 朱晓渔 / 何中华 / 王劲松 / 张墨锡 / 赵文浩 / 白凯南 / 何琳 / 刘嘉玲 / 赵雅芝,剧情 / 爱情 / 古装,中国大陆,60,45,6.2,20615
我的前半生,2017,沈严,秦雯 / 亦舒,靳东 / 马伊琍 / 袁泉 / 雷佳音 / 吴越 / 许娣 / 张龄心 / 邬君梅 / 陈道明 / 梅婷 / 张棪琰 / 孔维 / 栾元晖 / 侯岩松 / 魏之皓 / 王天泽 / 郑罗茜 / 宋允皓 / 徐才根 / 啜妮 / 任洛敏 / 张兰 / 茹天 / 闵天浩 / 是安 / 郭彤彤 / 陈冠宁 / 杨梅 / 孙语涵 / 徐晟 / 关雪盈 / 毕涵文 / 曲凌子 / 陆玲 / 程宏 / 李宏磊 / 黄靖 / 谭凯 / 于明加 / 任东霖 / 张衣 / 黄澜,剧情 / 家庭,中国大陆,42,45,6.2,102067
双世宠妃,2017,元德,杨十夜 / 梵缺,邢昭林 / 梁洁 / 王瑞昌 / 辛瑞琪 / 孙艺宁 / 钟祺 / 王浩歌 / 胡春勇,爱情 / 古装,中国大陆,24,35,6.2,22262
极速青春,2018,甘露 / 罗礼贤,韩颢 / 付宇 / 吴峥 / 李喆 / 陈璐莎 / 苏文宇 / 徐琳娜 / 李嘉昱 / 付翀,韩东君 / 徐璐 / 丁野 / 杜海涛 / 董春辉 / 恩美 / 孟子叶 / 王艺曈 / 陈濬洋 / 苗驰 / 扎巴斯卡·达利亚 / 刘飏 / 邱箫婵 / 邵毅龙 / 杨毅 / 刘晨光 / 王冲 / 任伟 / 赵宇涵 / 杨先军 / 赵伟 / 陈禹彤 / 王伟 / 梁刚 / 申克,剧情 / 爱情 / 运动,中国大陆 / 澳大利亚,36,45,6.2,4236
北京女子图鉴,2018,黎志,张佳,戚薇 / 魏大勋 / 刘畅 / 王啸坤 / 陈龙 / 王柏杰 / 王泷正 / 张子贤 / 孔垂楠 / 李子峰 / 张晓谦 / 王耀庆 / 陈瑾 / 杨紫 / 肖雨雨 / 张檬 / 班嘉佳 / 吴越 / 余心恬 / 王一,剧情,中国大陆,20,30,6.2,29035
神医侠侣,2004,赖水清,陈成东,贾静雯 / 赵文卓 / 高圆圆 / 刘雪华 / 董晓燕 / 张铁林 / 岳跃利 / 吕行 / 钟久夫 / 孙岩 / 刘恒宇 / 叮当 / 王岗 / 姬麒麟 / 杨蕊 / 张明健 / 张彤,剧情 / 动作,中国大陆,40,48,6.2,2099
你和我的倾城时光,2018,张峰 / 余中和,澜之 / 李二,赵丽颖 / 金瀚 / 曹曦文 / 俞灏明 / 刘凡菲 / 孟瑞,剧情 / 爱情,中国大陆,50,45,6.1,18036
