演员,平均分,部数
史艳文,9.6,1
神蛊温皇,9.6,1
藏镜人,9.6,1
饶星星,9.3,1
司徒颖霜,9.3,1
周厚安,9.3,1
邱逸峰,9.3,1
周_甫,9.3,1
蔡力允,9.3,1
查尔斯・威廉斯,9.3,1
欧阳姗,9.3,1
李劭婕,9.3,1
李程彬,9.3,1
潘之敏,9.3,1
纪文蕙,9.2,1
曹健,9.2,1
康晋荣,9.2,1
杨烈,9.2,1
王彩桦,9.2,1
今子嫣,9.2,1
阮氏翠恒,9.2,1
严正岚,9.2,1
范足妹,9.2,1
阮安妮,9.2,1
赵乙丞,9.2,1
邱宇婕,9.2,1
卢广仲,9.2,1
李_文,9.2,1
黄俊雄,9.1,1
黑白郎君,9.1,2
班铁翔,9.05,2
何景扬,9.0,1
张美瑶,9.0,2
龚钰祺,9.0,1
石乃文,9.0,1
吴青峰,9.0,1
刘家凯,9.0,1
黄芝琪,9.0,1
_芳,9.0,1
陈美琪,9.0,1
陈靖婕,9.0,1
史俊威,9.0,1
邓志鸿,9.0,1
尤秋兴,9.0,1
虞小卉,9.0,1
谢馨仪,9.0,1
江明娟,8.9,1
柯逸华,8.9,1
王恩德,8.9,1
许豪恩,8.9,1
张家云,8.9,1
徐宛铃,8.9,1
黄熊金盆,8.9,1
刘引商,8.9,1
余怡萱,8.9,1
陈罗蜜欧,8.9,1
沈炜竣,8.9,1
宜萱老师,8.9,1
马囡,8.9,1
邱彦翔,8.9,1
励政达,8.9,1
余函弥 Bonnie,8.9,1
杜俊伟,8.9,1
张萍萍,8.9,1
刘子绚,8.9,1
富富,8.9,1
任淇,8.9,1
林政逸,8.9,1
陈奕达,8.9,1
季芮彤,8.9,1
_崎翎榕,8.9,1
万芳,8.9,1
朱丽君,8.9,1
梁_,8.9,1
周丹薇,8.9,1
游家玮,8.9,1
方炯镔,8.9,1
刘晓忆,8.9,1
杨志龙,8.9,1
荣忠豪,8.9,1
瞿友宁,8.9,1
丫子,8.9,1
丸子,8.9,1
詹乃蓁,8.9,1
谢宇威,8.9,1
余昱纬,8.9,1
林意箴,8.9,2
叶辰莛,8.85,2
柯俊雄,8.8,1
庄心瑜,8.8,2
高慧君,8.8,1
赵咏华,8.8,1
鸿鸿,8.8,1
王孙,8.8,1
李昆,8.8,1
王明台,8.8,1
林义雄,8.8,1
_清喜,8.8,1
吴怀中,8.8,1
虞佩仪,8.8,1
魏宗万,8.8,1
李心洁,8.8,1
邱秀敏,8.8,1
吕盈莹,8.8,1
陈国钧,8.8,1
王伟华,8.8,1
谢盈萱,8.77,3
林志儒,8.73,3
萧郁芸,8.7,1
韩旗,8.7,1
谢佳勋,8.7,1
林郁涵,8.7,1
刘方英,8.7,1
吕威池,8.7,1
赵璐嘉,8.7,1
张艺龄,8.7,1
杨慧祯,8.7,1
彭于缜,8.7,1
陈柏渝,8.7,1
周淑英,8.7,1
安原良,8.7,1
彭美霖,8.7,1
张国栋,8.7,1
洪诚阳,8.7,1
王逸诗,8.7,1
尤学廷,8.7,1
张翔,8.7,1
潘柏希,8.7,1
吕德明,8.7,1
林函洁,8.7,1
彭增豪,8.7,1
陈彦兆,8.7,1
金士杰,8.63,3
罗慧娟,8.6,1
谢毅宏,8.6,1
罗思琦,8.6,1
谷德刚,8.6,1
邱德洋,8.6,1
秦豪,8.6,1
龙少强,8.6,1
藏_人,8.6,1
史_文一家,8.6,1
陈季霞,8.6,1
王渝文,8.6,1
杨琼华,8.6,2
杨小黎,8.6,2
黄文择口白,8.51,16
樱庭奈奈美,8.5,1
陈孟汝,8.5,1
萧淑慎,8.5,3
阿Ken,8.5,1
刘福助,8.5,1
杨庆煌,8.5,2
谢盈莹,8.5,1
王淮仲,8.5,1
信乐团,8.5,1
周心瑜,8.5,1
黄韵玲,8.5,1
_妤,8.5,1
邓育凯,8.5,1
林鸿翔,8.47,3
朱陆豪,8.45,2
颜毓麟,8.45,4
施名帅,8.45,2
张永正,8.45,2
刘冠廷,8.44,5
吕行,8.4,1
赵阳,8.4,1
侯长荣,8.4,1
宗晓军,8.4,1
潘彦妃,8.4,1
钱漪,8.4,1
施诗,8.4,1
邓安宁,8.4,1
徐韬,8.4,1
江沂宸,8.4,3
陈鸿烈,8.4,2
谢钢,8.4,1
林在陪,8.4,1
林国斌,8.4,1
范少勋,8.4,2
王学圻,8.4,1
张兆辉,8.4,1
吴毅将,8.4,1
皓皓,8.4,1
苗侨伟,8.4,1
_承翰,8.4,1
李佳_,8.4,1
卢彦泽,8.4,2
阎娜,8.4,1
施柏宇,8.4,2
杨孟霖,8.4,2
夏光莉,8.35,2
邰智源,8.35,2
丁强,8.34,5
江常辉,8.32,4
丁梅卿,8.3,1
汪建民,8.3,3
黄仲裕,8.3,1
候炳莹,8.3,1
李慧慧,8.3,1
桑妮,8.3,1
黄远,8.3,1
陆弈静,8.3,1
廖慧珍,8.3,1
哈孝远,8.3,1
罗启_,8.3,1
李亚明,8.3,2
洪晟文,8.3,1
萧昊祥,8.3,1
胡涛,8.3,1
温海波,8.3,1
杨东,8.3,1
白润音,8.3,1
王奕,8.3,1
朱景隆,8.3,1
苗皓钧,8.3,1
游龙,8.3,1
张巍,8.3,1
艾洋,8.3,1
刘芳毓,8.3,1
李楠,8.3,1
薛俨,8.3,1
刘芳,8.3,1
安哲,8.3,1
林莉,8.3,1
北村丰晴,8.3,1
郭建昌,8.3,1
梁志玮,8.3,1
洪议_,8.3,1
潘振德,8.3,1
王韵茹,8.3,1
曾威豪,8.3,2
吕仲芸,8.3,1
谢雨芝,8.3,1
欧阳彬,8.3,1
周维钰,8.3,1
洪亘,8.3,1
陈威廷,8.3,1
王坤,8.3,1
董伟,8.3,1
Peter,8.3,1
张晋维,8.3,1
于悦,8.3,1
翁雅菁,8.3,1
高丽红,8.3,1
邱木翰,8.3,1
许庭瑜,8.3,1
张礼驿,8.3,1
白小樱,8.3,1
龙天翔,8.25,2
黄采仪,8.25,2
桂纶镁,8.25,2
张大镛,8.25,2
曲献平,8.25,2
吴芮甄,8.25,2
林俊贤,8.25,2
张国柱,8.25,2
吴朋奉,8.23,3
马志翔,8.22,6
糖糖,8.2,1
杨怀民,8.2,1
戴立忍,8.2,1
许家荣,8.2,1
李杰圣,8.2,1
陈文山,8.2,1
欧定兴,8.2,1
伍佰,8.2,1
张若蓁,8.2,1
曾华倩,8.2,1
郑美黛,8.2,1
彭光荣,8.2,1
纽承泽,8.2,1
陈跃虎,8.2,1
徐灏翔,8.2,2
刘长鸣,8.2,1
关毅,8.2,1
素珠,8.2,1
阎成诚,8.2,1
钟政均,8.2,1
凌心妤,8.2,1
林翠,8.2,1
林偕文,8.2,1
_柏文,8.2,1
刘修甫,8.2,1
王渝屏,8.2,1
赵英华,8.2,1
马国贤,8.2,1
尹馨,8.2,1
周宗旭,8.2,1
王净,8.2,1
刘子铨,8.2,1
蒋昀霖,8.2,1
陈孟琪,8.2,1
董至成,8.2,1
艾摩尔,8.2,1
林祖恩,8.2,1
黎燕珊,8.2,1
魏如萱,8.2,1
钟汉良,8.2,1
王渝萱,8.2,1
陈以文,8.2,1
林鼎轩,8.2,1
李宇彤,8.2,1
蔡佳虹,8.2,1
吴兆弦,8.2,1
林焕钧,8.2,1
寇家瑞,8.2,2
王_,8.2,2
黄健玮,8.2,6
陈柏霖,8.2,3
黄文择,8.18,6
樊光耀,8.18,5
温贞菱,8.15,4
亮哲,8.15,2
范宸菲,8.15,2
林伟,8.15,2
蔡昌宪,8.15,2
陈文彬,8.15,2
丁也恬,8.14,7
张少怀,8.13,3
钟承翰,8.12,4
刘心妤,8.1,1
郑开元,8.1,1
苏达,8.1,1
郝柏杰,8.1,1
陈歆妍,8.1,1
罗惠娟,8.1,1
周明宇,8.1,1
黄日华,8.1,1
方婧,8.1,1
姬麒麟,8.1,1
陶虹,8.1,1
释小龙,8.1,1
梁天,8.1,1
严敏裘,8.1,1
林静,8.1,1
袁苑,8.1,1
潘哲蒲,8.1,1
于文仲,8.1,1
韩夫一,8.1,1
凯凯,8.1,1
颜家卫 ,8.1,1
吴少刚,8.1,1
曹景俊,8.1,1
陈威翰,8.1,2
林雨宣,8.1,4
陈绮贞,8.1,1
张洋洋,8.1,1
杨可凡,8.1,1
曾子益,8.1,1
张永智,8.1,1
余秉谚,8.1,1
纪睿腾,8.1,1
黄安琪,8.1,1
陈翊睿 ,8.1,1
郑嘉盛,8.1,1
王岗,8.1,1
刘天介,8.1,1
金美满,8.1,1
姚坤君,8.1,1
黄品源,8.1,1
陈汉典,8.1,2
刘恒宇,8.1,1
游安顺,8.1,4
苏明明,8.1,3
赵又廷,8.1,1
吴君如,8.1,1
钮承泽,8.1,4
陈道明,8.1,1
李庆祥,8.1,1
沈保平,8.1,1
胡锦,8.1,1
詹小楠,8.1,1
周庭坤,8.1,1
赵家蓉,8.1,1
乔绍恒,8.1,1
李安卓,8.1,1
秦沛,8.1,1
黄尚禾,8.07,3
太保,8.05,2
陶晶莹,8.05,2
李志奇,8.05,2
郭鑫,8.02,6
马正民,8.0,1
李婉华,8.0,1
林智洋,8.0,1
吴茜薇,8.0,1
王镜冠,8.0,2
倪振耀,8.0,1
蔡弘,8.0,1
许文瑞,8.0,1
关洪,8.0,1
刘松丽,8.0,1
邵传勇,8.0,1
张复周,8.0,1
陈真真,8.0,1
江洋,8.0,1
姜克诚,8.0,1
赵倍誉,8.0,1
王京花,8.0,1
萧玉龙,8.0,1
张静懿,8.0,1
吕_慧,8.0,1
樊日行,8.0,2
贾雅婷,8.0,1
谭筱兰,8.0,1
高冲霄,8.0,1
董志华,8.0,1
穆立新,8.0,1
张行,8.0,2
蔡文杰,8.0,1
叶云琰,8.0,1
陆一龙,8.0,1
王耀,8.0,1
李飞,8.0,1
邓育_,8.0,1
史黛西,8.0,1
陈曼玲,8.0,1
乔安,8.0,1
陈心妤,8.0,1
太学,8.0,1
梁立寅,8.0,1
李昌民,8.0,1
韦辛,8.0,1
叶云樵,8.0,1
六铢衣,8.0,1
姚庆康,8.0,1
温丽芳,8.0,1
李小宁,8.0,1
赖慧中,8.0,1
宋文仲,8.0,1
李宜,8.0,1
李立群 Lichun Lee,8.0,1
江明 Ming Chiang,8.0,1
千叶传奇,8.0,1
刘汉强,8.0,1
郭婷婷,8.0,1
李元柏,8.0,1
陈志珍,8.0,1
马侠,8.0,1
胡翔评,8.0,1
周平,8.0,1
刘正顺,8.0,1
元彪,8.0,2
邵昕,8.0,4
田丰,8.0,3
唐从圣,8.0,2
张捷,7.97,3
许时豪,7.97,3
欧阳伦,7.97,3
刘伟,7.95,2
严艺文,7.95,4
赵丽娟,7.95,2
陈莹,7.95,2
贺一航,7.95,2
陆诗雨,7.95,2
刘丹,7.95,2
鱼梦洁,7.95,2
周海媚,7.95,2
戴春荣,7.95,2
王刚,7.95,2
纳豆,7.95,2
王月,7.93,3
郎祖筠,7.92,4
王斑,7.9,1
曾玮明,7.9,1
高英轩,7.9,2
杨士萱,7.9,1
黄瑷瑶,7.9,1
朱燕珍,7.9,1
张善杰,7.9,1
吴浣仪,7.9,1
谭少瑛,7.9,1
甘山,7.9,1
陈丽云,7.9,1
冯雷,7.9,1
陶安仁,7.9,1
宗扬,7.9,1
谭炳文,7.9,1
郑恕峰,7.9,1
吴念真,7.9,1
陈秀雯,7.9,1
林韦辰,7.9,1
文颂娴,7.9,1
曹翠芬,7.9,1
司马华龙,7.9,1
龙贯天,7.9,1
杨泽霖,7.9,1
苏昶,7.9,1
马宗德,7.9,1
鲍起静,7.9,1
苏炳宪,7.9,1
马跃,7.9,1
吴军忱,7.9,1
刘恺威,7.9,1
关键,7.9,1
_祖武,7.9,1
_庭,7.9,1
冼灏英,7.9,1
高圆圆,7.9,2
卢惠光,7.9,1
郭金,7.9,1
冯国,7.9,1
梁锦荣,7.9,1
郑亚云,7.9,2
吴霆,7.9,1
铁孟秋,7.9,3
陈美凤,7.9,2
罗嘉良,7.9,1
吴亚_,7.9,1
林玟谊,7.9,1
张君明,7.9,1
王筱婵,7.9,1
郎雄,7.9,1
刘若英,7.9,1
周迅,7.9,1
赵慧仙,7.9,1
郑靓歆,7.9,1
玉尚,7.9,1
童爱玲,7.9,1
高培文,7.9,1
梁智瑜,7.9,1
曾宝仪,7.9,1
谢怡芬,7.9,2
晨翔,7.9,1
品冠,7.9,1
李婕,7.9,1
饶芷昀,7.9,1
柯淑勤,7.89,13
刘松仁,7.89,11
叶童,7.88,8
_娜,7.87,3
恬妞,7.87,3
霍正奇,7.87,3
杨_宁,7.87,7
周幼婷,7.87,6
郑佳欣,7.85,2
吕雪凤,7.85,2
陈昊森,7.85,2
林柏宏,7.85,4
大文,7.85,2
米雪,7.85,2
陈秀丽,7.85,2
朱芷莹,7.85,2
徐熙娣,7.85,2
杨丽音,7.84,5
尹宝莲,7.83,3
马念先,7.82,4
郭丽金,7.8,1
唐志中,7.8,1
蔡_得,7.8,1
戈伟如,7.8,6
王惠五,7.8,1
姚采颖,7.8,2
周麟,7.8,1
杨佩洁,7.8,1
傅子纯,7.8,1
夏政峰,7.8,1
林道远,7.8,1
谢_昊,7.8,1
陈文翔,7.8,1
张玲,7.8,1
余太平,7.8,1
伍宇娟,7.8,1
尔冬升,7.8,1
周华卿,7.8,1
潘粤明,7.8,1
孟令名,7.8,1
阮虔芷,7.8,2
倪敏然,7.8,1
邱志宇,7.8,1
康茵茵,7.8,1
剑之初,7.8,1
初孟轩,7.8,1
擎海潮,7.8,1
张书豪,7.8,6
苏育惟,7.8,1
叶翊恩,7.8,1
魔王子,7.8,1
刘青云,7.8,1
赵奎娥,7.8,1
卢迪,7.8,1
黄永光,7.8,1
慕思成,7.8,1
汪禹,7.8,1
尹小曼,7.8,1
刘尚谦,7.8,1
田鹏,7.8,1
古斌,7.8,3
樊梅生,7.8,1
乔宏,7.8,1
吴元俊,7.8,1
王璐瑶,7.8,1
汤镇宗,7.8,1
魏平澳,7.8,1
刘筱萍,7.8,1
戢武王,7.8,1
潘迎紫,7.79,9
罗北安,7.78,4
陆明君,7.78,4
白冰冰,7.77,3
孟庭丽,7.75,2
晋松,7.75,2
艾_,7.75,2
鹿峰,7.75,2
郭晋安,7.75,4
森竣,7.75,2
叮当,7.75,2
范时轩,7.75,2
任_成,7.75,2
惠英红,7.75,2
王以路,7.75,2
董晓燕,7.75,2
陈建州,7.73,3
杜玉明,7.73,3
梁修身,7.73,3
钱小豪,7.73,3
黄嘉千,7.72,4
翁家明,7.72,4
龙劭华,7.72,8
叶星辰,7.72,5
沈孟生,7.71,10
邓超,7.7,1
明智妍,7.7,1
简廷芮,7.7,2
黄圣依,7.7,1
李亚鹏,7.7,1
李建义,7.7,1
康珉_,7.7,1
井莉,7.7,1
王自强,7.7,3
裴美子,7.7,1
杨子仪,7.7,1
杨永维,7.7,1
雷洪,7.7,1
郑少秋,7.7,9
郑裕玲,7.7,1
洪嘉玲,7.7,1
汤镇业,7.7,1
叶璇,7.7,1
殷琦,7.7,2
王柏杰,7.7,2
酒井法子,7.7,1
杨洁梅,7.7,1
小小彬,7.7,2
吴建宇,7.7,1
秋瓷炫,7.7,1
莫子仪,7.7,4
吴慷仁,7.69,17
连俞涵,7.68,4
隋棠,7.68,9
孙可芳,7.67,3
乾德门,7.66,5
胡玮杰,7.65,2
杨少文,7.65,2
杨贵媚,7.65,2
余炳贤,7.65,2
官晶华,7.65,2
应蔚民,7.65,2
林宗仁,7.65,2
孟元,7.65,2
陈泓宇,7.65,2
姚以缇,7.65,2
陈大天,7.65,2
沈世朋,7.65,2
林秀君,7.63,3
黄磊,7.63,3
赵学煌,7.63,3
翁虹,7.62,4
姜厚任,7.62,8
张世,7.62,4
王睿,7.6,1
张昌缅,7.6,1
蔡凡熙,7.6,1
苑新雨,7.6,1
薛严,7.6,1
高圣远,7.6,1
张鹏,7.6,1
朱宏嘉,7.6,1
李冰俏,7.6,1
林子君,7.6,1
赵敏芬,7.6,1
潘丽丽 Li-li Pan,7.6,1
牟凤彬,7.6,1
张家瑜,7.6,1
张振寰,7.6,2
吕一,7.6,1
杨大正,7.6,1
江明,7.6,2
李勤勤,7.6,1
汉良,7.6,2
丛珊,7.6,1
贾佩雅,7.6,1
杨兴,7.6,1
郝曼丽,7.6,1
韩更,7.6,1
胡家玮,7.6,1
石安妮,7.6,1
倪_民,7.6,1
白_音,7.6,1
马幼兴,7.6,1
黄瑜娴,7.6,3
杨文文,7.6,1
号天穷,7.6,1
_晨光,7.6,1
薛佳凝,7.6,1
梁修治,7.6,1
高蕾雅,7.6,1
刘牧,7.6,2
魏如昀,7.6,1
潘_君,7.6,1
杨仲恩,7.6,1
林亚霖,7.6,1
_莎莉,7.6,1
卢学睿,7.6,1
张惠春,7.6,4
刘芳英,7.6,1
李淑桢,7.6,1
郑_达,7.6,1
任云踪,7.6,1
_无伤,7.6,1
林辰唏,7.6,2
曹晏豪,7.6,4
花佩_,7.6,1
林哲熹,7.6,1
狄_,7.6,1
胡盈祯,7.6,1
__豪,7.6,1
王娟,7.6,1
李伯恩,7.6,1
郝绍文,7.6,1
庄凯勋,7.6,3
Linda,7.6,1
张兆志,7.6,1
彭伟华,7.57,3
李烈,7.57,4
张榕容,7.57,3
赵雅芝,7.56,9
崔浩然,7.56,5
关勇,7.55,2
蓝文青,7.55,2
夏靖庭 ,7.55,4
范瑞君,7.55,2
苏慧伦,7.55,4
刘嘉玲,7.55,2
张允曦,7.55,2
许玮甯,7.55,11
邱凯伟,7.55,4
张恒,7.55,2
何美钿,7.55,2
曾国城,7.55,2
李国毅,7.55,12
庹宗华,7.54,8
谢琼_,7.54,5
信,7.53,3
素还真,7.53,3
张耀仁,7.53,3
钱韦杉,7.53,3
潘仪君,7.52,10
黄志玮,7.52,5
萧大陆,7.51,8
张铁林,7.51,8
杨雄,7.5,1
钟欣愉,7.5,1
赵禹,7.5,1
刘燕燕,7.5,1
桑叶红,7.5,1
何家_,7.5,1
唐娜,7.5,1
韩智炜,7.5,1
杜满生,7.5,1
萧维亚,7.5,1
应晓薇,7.5,2
金刚,7.5,1
郑丹瑞,7.5,1
蔡少芬,7.5,1
李海兴,7.5,1
魏秋桦,7.5,2
张震寰,7.5,1
曹佑宁,7.5,1
杜文,7.5,1
傅娟,7.5,1
林伯彦,7.5,1
李清惠,7.5,1
潘蔚,7.5,1
宫雪花,7.5,2
谢兴,7.5,1
吴佩文,7.5,1
刘荷娜,7.5,1
吴定谦,7.5,2
苏立欣,7.5,1
GINO,7.5,1
贝心瑜,7.5,2
解淑_,7.5,1
张媛婷,7.5,1
张诗涵,7.5,1
叶小钗,7.5,2
杨凯琪,7.5,1
肖大陆,7.5,1
宗卫,7.5,1
一页书,7.5,2
吕海琴,7.5,1
林昀,7.5,1
黄荻钧,7.5,1
朱宝意,7.5,1
罗婷婷,7.5,1
杨群,7.5,1
陈宝国,7.5,5
聂雅亮,7.5,2
黄_嘉,7.5,3
曾_瑜,7.5,3
林予_,7.5,2
张翰,7.5,3
谢语恩,7.5,2
宣宣,7.5,2
叶静,7.5,2
许光汉,7.5,5
方馨,7.5,2
何以奇,7.5,2
黄腾浩,7.49,9
黄仲昆,7.49,11
萧蔷,7.48,8
张怀秋,7.47,3
张宇,7.47,3
屈中恒,7.47,11
陈亚兰,7.46,5
杨丽菁,7.46,7
王思懿,7.45,2
汪政纬,7.45,2
谢君豪,7.45,2
宋柏纬,7.45,2
龚慈恩,7.45,4
潘慧如,7.44,5
赵薇,7.44,5
汤志伟,7.43,6
庹宗康,7.43,3
顾冠忠,7.42,4
郭书瑶,7.41,9
阴爱国,7.4,1
乌兰齐齐格,7.4,1
李振起,7.4,1
邓婕,7.4,1
蓝英君,7.4,1
陈凯,7.4,1
王芙娟,7.4,1
Judy,7.4,1
唐青慧,7.4,1
释小虎,7.4,1
林利,7.4,1
叶羿君,7.4,1
李律,7.4,1
恬恬,7.4,1
林_恒,7.4,1
倪诗蓓,7.4,1
杨子姗,7.4,1
张丹峰,7.4,2
刘勇,7.4,1
崔红红,7.4,1
金书贵,7.4,1
洪瑞霞,7.4,1
郑有杰,7.4,1
王茜,7.4,1
廖昭忠,7.4,1
张钧甯,7.4,9
韩振华,7.4,1
戚美珍,7.4,1
赵正平,7.4,3
黑子,7.4,1
高雄,7.4,1
杜连孝,7.4,1
俞飞鸿,7.4,1
李静美,7.4,2
何洁柔,7.4,1
后藤希美子,7.4,1
陈志强,7.4,1
曾伟权,7.4,1
李康宜,7.4,13
傅涓,7.4,1
李宗霖,7.4,1
杜志国,7.4,1
黎美娴,7.4,1
洪乙心,7.4,1
陶泽如,7.4,1
赖文贤,7.4,1
贾欣惠,7.4,1
和家馨,7.4,1
布_斯,7.4,1
陈敬宣,7.4,1
王柏尧,7.4,1
黄佑任,7.4,1
吴筱丹,7.4,1
安俊朋,7.4,1
黄燕飞,7.4,1
吴振华,7.4,1
陈宪忠,7.4,1
陈若芝,7.4,1
池端玲名,7.4,1
黄德谅,7.4,1
陈柏仲,7.4,1
郭定文,7.4,1
蔡瑞泽,7.4,1
何茹云,7.4,1
刘语欣,7.4,1
思漩,7.4,1
张_茜,7.4,1
廖峻,7.4,4
陈势安,7.4,1
罗平,7.4,1
张善为,7.4,2
范冰冰,7.4,4
郑平君,7.4,1
赵宇绮,7.4,1
郭妃丽,7.4,4
李倩,7.4,1
戴君竹,7.4,6
何予曦,7.4,1
蔡振南,7.39,7
柯叔元,7.38,4
孟飞,7.38,4
林美秀,7.38,6
林以真,7.37,4
_雅芸,7.37,3
陈幼芳,7.37,3
杨雅筑,7.37,3
唐治平,7.36,7
方芳,7.36,5
王识贤,7.36,5
车轩,7.35,2
宗华,7.35,2
何晴,7.35,2
倪淑君,7.35,2
关咏荷,7.35,2
寇世勋,7.35,10
冯宝宝,7.35,2
刘尔金,7.35,2
蓝钧天,7.33,7
巫建和,7.33,3
林小楼,7.33,4
刘奕儿,7.33,3
陈法蓉,7.33,3
李佳豫,7.33,3
沈时华,7.32,5
张毓晨,7.32,4
温升豪,7.32,8
赖东贤,7.3,2
唐琪,7.3,2
云中岳,7.3,2
萧艾,7.3,2
吕颂贤,7.3,2
李璇,7.3,6
蓝洁瑛,7.3,2
陈明真,7.3,3
邓九云,7.3,2
白静宜,7.3,3
庾澄庆,7.3,2
赖佩霞,7.3,1
_迪_,7.3,1
王以纶,7.3,1
刘子千,7.3,1
周淑桦,7.3,1
苏亿菁,7.3,1
梅贤治,7.3,3
陈景炀,7.3,1
布鲁斯,7.3,1
康凯,7.3,4
张卫健,7.3,6
林芳兵,7.3,1
郑嘉颖,7.3,2
李绮虹,7.3,1
江东华,7.3,2
盛竹如,7.3,1
林玉紫,7.3,1
张希爱,7.3,1
林芷薇,7.3,1
朱国宏,7.3,1
胡安安,7.3,1
范玮琪,7.3,2
_世,7.3,1
_明君,7.3,1
_志翔,7.3,1
万梓良,7.3,1
何宝生,7.3,1
罗家英,7.3,1
张国立,7.3,3
杨琪,7.3,1
张庭 林炜,7.3,1
焦恩俊 俞小凡,7.3,1
__煌,7.3,1
林立洋,7.3,1
李秉桦,7.3,1
李喜真,7.3,2
何嘉文,7.3,1
姜鸿,7.3,1
袁文康,7.3,1
邵雨薇,7.3,4
李家庆,7.3,1
陈沂,7.3,1
徐诣帆,7.3,1
吴子霏,7.3,1
杨_娜,7.3,1
陈彦儒,7.3,2
美强生,7.3,1
朱芯仪,7.28,4
何家劲,7.27,7
王伯昭,7.27,3
杨宝玮,7.27,3
范文芳,7.27,3
马世莉,7.27,3
海芬,7.27,3
胡歌,7.27,3
黄河,7.27,3
张晨光,7.26,19
安钧璨,7.25,2
高振鹏,7.25,2
仇政,7.25,2
谢祖武,7.25,16
焦恩俊,7.25,17
金超群,7.25,11
冯淬帆,7.25,2
梁家仁,7.25,4
吴岳擎,7.25,2
林炜,7.25,2
蔡裴琳,7.25,4
石知田,7.25,2
是元介,7.25,4
郑家榆,7.24,5
徐钧浩,7.23,3
江淑娜,7.23,3
林思宇,7.23,3
赖雅妍,7.23,15
李易,7.23,3
孙兴,7.23,19
徐锦江,7.22,6
刘亮佐,7.22,5
林瑞阳,7.22,9
陆廷威,7.22,4
东野,7.2,1
豆豆,7.2,1
吴思育,7.2,1
_茵_,7.2,1
余文乐,7.2,1
黄昱豪,7.2,1
张熙恩,7.2,1
巴钰,7.2,1
李元伯,7.2,1
洪晨颖,7.2,1
马景涛,7.2,19
古铮,7.2,1
艾成,7.2,1
管谨宗,7.2,1
林芷薰,7.2,1
谢翔雅,7.2,2
蒋伟文,7.2,1
黄建豪,7.2,1
施思,7.2,1
施懿,7.2,1
张之怡,7.2,1
刘香君,7.2,1
程惠,7.2,1
谷音,7.2,1
铁克,7.2,1
徐维孝,7.2,1
于莉,7.2,4
林欣蓓,7.2,2
Chin,7.2,1
曾柏崴,7.2,1
阳咏存,7.2,1
宝弟,7.2,1
黄雅珉,7.2,1
罗茂铨,7.2,1
唐宸禹,7.2,3
陈仲熙,7.2,1
黄薇_,7.2,2
赵永馨,7.2,6
潘丽丽,7.2,1
刘思彤,7.2,2
李天柱,7.2,6
郭晓东,7.2,1
王耀庆,7.2,3
陈泽耀,7.2,2
东於哲,7.2,1
周杨英,7.2,1
颜永烈,7.2,1
吴思贤,7.2,3
王瑞林,7.2,1
宋逸民,7.2,3
_兆宇,7.2,1
张克帆,7.2,1
柯以柔,7.2,1
夏宇乔,7.2,1
毕书尽,7.2,2
吴奇隆,7.2,4
林子熙,7.2,2
许淑苹,7.2,2
尹昭德 ,7.2,2
李明启,7.2,3
王宇婕,7.2,5
巨炮,7.2,1
谢沛恩,7.2,6
孙翠凤,7.2,2
陈志朋,7.2,7
温岚,7.2,1
苏有朋,7.2,10
林健辉,7.2,1
安唯绫,7.2,3
谢欣颖,7.19,7
袁咏仪,7.18,4
李铭顺,7.18,6
勾峰,7.18,5
六月,7.18,4
傅雷,7.18,4
林依晨,7.17,11
常枫,7.17,3
钟欣凌,7.17,3
曾亚君,7.17,3
吴_阳,7.17,3
郑佩佩,7.17,3
刘以豪,7.17,7
蓝心湄,7.16,5
徐乃麟,7.16,9
庞庸之,7.16,5
唐群,7.15,2
林熙蕾,7.15,2
李波,7.15,2
蔡阿炮,7.15,2
何如芸,7.15,2
阳靓,7.15,2
颜嘉乐,7.15,2
王乐妍,7.15,6
归亚蕾,7.14,5
孟耿如,7.14,8
张玉_,7.14,9
王少伟,7.14,5
徐怀钰,7.13,3
高鑫,7.13,3
谭耀文,7.13,3
杨一展,7.12,12
张立昂,7.12,4
周筱云,7.12,6
席曼宁,7.12,6
陈意涵,7.12,4
陈孝萱,7.12,5
俞小凡,7.11,12
周绍栋,7.11,7
涂善妮,7.11,9
曾少宗,7.11,7
丁仰国,7.1,1
洪慧芳,7.1,1
唐文龙,7.1,2
明金成,7.1,2
张桂荣,7.1,1
谢韶光,7.1,1
管小良,7.1,1
那英,7.1,1
方季惟,7.1,1
章广辰,7.1,1
唐育书,7.1,1
牛萌萌,7.1,1
赵本山,7.1,1
陈丽贞,7.1,1
向云,7.1,1
黄奕良,7.1,1
陈天文,7.1,1
文英,7.1,1
陈彦允,7.1,1
车 轩,7.1,1
孙亚东,7.1,1
曾诗梅,7.1,1
陈之财,7.1,1
李锦梅,7.1,1
蔡安荞,7.1,1
游小白,7.1,1
管越,7.1,1
廖奕_,7.1,1
陈燕燕,7.1,1
徐幸,7.1,1
赖怡伶,7.1,1
宥_,7.1,1
朱茵,7.1,3
胡静,7.1,1
钟瑶,7.1,1
李冰冰,7.1,1
王琳,7.1,1
李钰,7.1,1
卢_宇,7.1,1
严屹宽,7.1,1
苏忆菁,7.1,1
李殿馨,7.1,1
张维锡,7.1,2
蔡淑臻,7.1,8
杨千霈,7.1,4
童安格,7.1,2
宋新妮,7.1,2
吴启华,7.1,2
陈为民,7.1,4
彭于晏,7.1,7
李维维,7.1,8
方志友,7.1,5
王中皇,7.1,2
张庭,7.1,3
林福地,7.1,1
江祖平,7.1,11
周渝民,7.09,11
窦智孔,7.08,13
蔡灿得,7.07,7
王绢,7.07,6
陈博正,7.07,3
安心亚,7.07,4
莫允雯,7.06,5
贾静雯,7.06,9
九孔,7.05,2
李李仁,7.05,6
姚淳耀,7.05,2
王道南,7.05,2
马惠珍,7.05,2
林盈臻,7.05,2
于佳卉,7.05,4
关礼杰,7.04,8
李沛旭,7.04,5
周孝安,7.04,5
蓝正龙,7.04,21
季芹,7.03,6
刘堇萱,7.03,3
小甜甜,7.03,6
陈紫函,7.03,3
任容萱,7.03,3
林孟瑾,7.03,3
谢其文,7.03,3
李立群,7.03,14
范鸿轩,7.03,7
李又麟,7.03,3
陈玉玫,7.03,3
吴京,7.03,3
张孝全,7.02,9
蔡君茹,7.02,11
杨谨华,7.02,18
王道 Don Wong,7.0,1
铃木有树,7.0,1
AK,7.0,1
林嘉绮,7.0,2
王秀峰,7.0,1
沈海蓉,7.0,6
张玉华,7.0,1
王瞳,7.0,1
韩琳,7.0,1
刘小锋,7.0,1
向语洁,7.0,3
阿庞,7.0,1
常铖,7.0,1
真气,7.0,1
罗云熙,7.0,1
程砚秋,7.0,1
胡可,7.0,1
吕_峰,7.0,1
张卓楠,7.0,1
麦家琪,7.0,1
管翊君,7.0,2
廖苡乔,7.0,1
庞祥麟,7.0,2
天心,7.0,13
伊藤千晃,7.0,1
赵柏翰,7.0,1
龙隆,7.0,2
李京恬,7.0,1
李丽凤,7.0,3
孙国豪,7.0,1
余月如,7.0,1
邱慧雯,7.0,1
瑶涵沂,7.0,1
张复建,7.0,11
卜国耕,7.0,3
杜宁林,7.0,1
郭子乾,7.0,3
何音,7.0,1
林逸宏,7.0,2
徐宛玲,7.0,1
小杰,7.0,1
李小飞,7.0,1
澎恰恰,7.0,2
舒淇,7.0,1
熊梓淇,7.0,1
孙俪,7.0,2
徐熙媛,7.0,8
郑伊健,7.0,1
地球,7.0,2
卓凡,7.0,1
光良,7.0,2
沈瑶,7.0,1
岳翎,6.99,11
高捷,6.99,8
黄鸿升,6.99,9
安以轩,6.99,9
简沛恩,6.98,4
刘品言,6.98,9
葛蕾,6.97,9
柯有伦,6.97,7
连静雯,6.97,3
伊能静,6.97,3
李绍祥,6.97,12
修杰楷,6.96,18
刘瑞琪,6.96,9
傅小芸,6.96,5
陈宇凡,6.95,2
林在培,6.95,4
陈仙梅,6.95,2
邢岷山,6.95,2
鲍逸琳,6.95,2
袁弘,6.95,2
甄秀珍,6.95,2
徐华凤,6.95,2
邱于庭,6.95,2
李欣,6.95,6
寇振海,6.95,2
高宇蓁,6.95,2
赵文卓,6.95,2
吴建豪,6.94,9
李佳颖,6.94,5
秦汉,6.93,6
陈楚河,6.93,3
邹承恩,6.92,4
叶全真,6.92,4
柯佳_,6.92,8
简宏霖,6.92,5
张天霖,6.91,9
李威,6.91,17
张瑞竹,6.9,2
柯宇纶,6.9,2
李迪恩,6.9,4
宋祖英,6.9,1
吴佳珊,6.9,2
阎青妤,6.9,2
赖琳恩,6.9,5
王之夏,6.9,1
许志安,6.9,1
林可彤,6.9,3
秦风,6.9,4
刘长生,6.9,2
张茜,6.9,3
靳东,6.9,1
蔡黄汝,6.9,4
唐以菲,6.9,2
陈嘉桦,6.9,5
周杰,6.9,3
樊少皇,6.9,1
张翊生,6.9,1
兵欣庭,6.9,1
镇涛,6.9,1
梁靖,6.9,1
欧阳龙,6.9,2
贾乃亮,6.9,1
蒋勤勤,6.9,3
朱莉茵,6.9,1
鲁诺,6.9,1
朴恩惠,6.9,1
胡佩莲,6.9,2
狄威,6.9,2
潘玮柏,6.88,5
陈匡怡,6.88,4
黄维德,6.88,6
吴静娴,6.88,4
苗可丽,6.88,4
潘虹,6.87,3
夏文汐,6.87,3
傅艺伟,6.87,3
叶民志,6.87,3
孙沁岳,6.87,3
刘玉婷,6.86,5
李至正,6.86,5
梁又琳,6.86,5
邱心志,6.86,7
张智尧,6.85,2
王仁甫,6.85,2
李岳,6.85,2
崔佩仪,6.85,2
刘雪华,6.85,21
单承矩,6.85,2
王皓,6.85,2
谢承均,6.85,2
刘孜,6.85,4
胡晴雯,6.85,2
谢佳见,6.85,4
孙莉,6.85,4
范植伟,6.84,5
吴映洁,6.84,5
许玮伦,6.83,9
柯素云,6.83,3
陈慕义,6.83,3
林佑威,6.82,10
徐敏,6.82,4
陈庭妮,6.82,8
洪小铃,6.81,10
钟欣潼,6.8,1
吴佩慈,6.8,2
谢霆锋,6.8,1
方中信,6.8,4
李学庆,6.8,1
李厚豪,6.8,1
颜凤娇,6.8,1
郑秀文,6.8,1
方向中,6.8,1
张书伟,6.8,1
坤达,6.8,1
黄建群,6.8,3
张轩睿,6.8,2
张瑞哲,6.8,1
张智霖,6.8,1
周咏轩,6.8,2
谢丽金,6.8,3
白歆惠,6.8,6
刘子蔚,6.8,3
田丽,6.8,3
陈祖皓,6.8,1
谭俊彦,6.8,2
林嘉欣,6.8,1
顾美华,6.8,1
朱玉雯,6.8,1
蒋雪,6.8,1
金玉岚,6.8,1
林家宇,6.8,1
蔡依蕴,6.8,1
杨洁玫,6.8,3
许琼云,6.8,1
何炅,6.8,1
谢佳见 Melvin Sia,6.8,1
梁汉文,6.8,1
李运庆 Jack Lee,6.8,1
李灿森,6.8,1
葛民辉,6.8,1
刘卫华,6.8,1
尹崇珍,6.8,3
王书乔,6.8,1
夏于乔,6.8,6
金勤,6.8,4
萧惠,6.8,1
王心娣,6.8,1
詹佳儒,6.8,1
林秀玲,6.8,2
黄文豪,6.8,3
周群达,6.78,5
程予希,6.78,4
艾伟,6.77,6
鲍正芳,6.77,3
田馥甄,6.77,3
张睿家,6.76,9
金铭,6.76,5
刘锡明,6.75,2
_乃_,6.75,2
赵杰,6.75,2
贺镪,6.75,2
增山裕纪,6.75,2
金素梅,6.75,2
李千娜,6.74,7
周晓涵,6.74,8
刘德凯,6.74,14
路嘉欣,6.74,5
姜大卫,6.73,3
言承旭,6.73,9
施羽,6.73,7
龙冠武,6.73,3
钟欣怡,6.73,3
林立雯,6.73,3
吴辰君,6.73,3
陈怡蓉,6.72,16
郭雪芙,6.72,6
那维勋,6.72,8
胡宇崴,6.72,4
黄少祺,6.72,8
路斯明,6.71,8
陈语安,6.7,2
谢金燕,6.7,1
黄海冰,6.7,1
横内晶,6.7,1
张本渝,6.7,6
陈亦飞,6.7,5
王怡仁,6.7,3
余妮,6.7,2
况明洁,6.7,3
比莉,6.7,1
欧弟,6.7,1
杨镇,6.7,2
宝咖咖,6.7,2
张咏咏,6.7,3
周传雄,6.7,1
吴仲强,6.7,2
庄越均,6.7,1
王建隆,6.7,1
陈嘉辉,6.7,1
邵美琪,6.7,1
陈雅伦,6.7,1
张洋,6.7,1
阮经天,6.7,7
王莹莹,6.7,1
梁小冰,6.7,1
钱柏渝,6.7,2
赵亮,6.7,2
戴娇倩,6.7,1
郭昱晴,6.7,2
纪培慧,6.7,2
千田__,6.7,1
白吉胜,6.7,3
彭歆,6.7,1
焦曼婷,6.7,1
刘心悠,6.7,1
岳跃利,6.69,11
唐禹哲,6.69,10
吴中天,6.69,8
郑元畅,6.68,12
郭品超,6.68,9
炎亚纶,6.68,10
林利霏,6.67,7
杨丞琳,6.67,17
陈冠霖,6.67,3
韩瑜,6.67,3
梁正群,6.66,7
张佩华,6.66,8
王宥胜,6.66,8
郑国霖,6.65,2
祝钒刚,6.65,2
林心如,6.65,17
范筱梵,6.65,4
陈艾熙,6.65,2
狄龙,6.65,4
王玉玲,6.65,2
孙鹏,6.65,4
张凤书,6.63,7
周明增,6.63,3
徐贵樱,6.62,8
午马,6.62,4
薛仕凌,6.62,4
宋达民,6.62,4
_琴,6.62,4
林逸欣,6.62,6
石英,6.6,1
李宗翰,6.6,1
罗吉镇,6.6,1
卓予童,6.6,1
林建寰,6.6,1
米凯莉,6.6,1
楼学贤,6.6,1
雨晨,6.6,1
林_,6.6,1
_若萍,6.6,1
徐亨,6.6,1
冯婧,6.6,1
李兴文,6.6,1
姜华,6.6,1
余彦宸,6.6,1
高有伦,6.6,1
隆宸翰,6.6,1
李杏,6.6,2
江奇霖,6.6,1
陈笔威,6.6,1
吴子强,6.6,1
郑玟煜,6.6,1
高隽雅,6.6,1
余晋,6.6,1
陈衍甫,6.6,1
张瑞祥,6.6,1
阿雅,6.6,3
周召栋,6.6,1
许文馨,6.6,1
刘克勉,6.6,1
刘庭羽,6.6,1
李艺民,6.6,1
刘婉慈,6.6,1
高欣欣,6.6,1
于毅,6.6,1
王家梁,6.6,4
杨晴,6.6,3
安雅 赵佳莉,6.6,1
颜颖思,6.6,1
杨皓惟,6.6,1
陈_伦,6.6,2
朱盛平,6.6,2
郑安伦,6.6,2
简_书,6.6,5
刘香慈,6.6,2
李运庆,6.6,5
董洁,6.6,3
江生,6.6,2
陈乃荣,6.6,9
唐国强,6.6,2
柯奂如,6.6,4
马如风,6.6,1
谢屏楠,6.6,6
侯湘婷,6.6,2
赵擎,6.6,1
徐正溪,6.6,1
张怡美,6.6,1
素_真,6.6,1
夏雨,6.6,1
李国超,6.6,1
李滔,6.6,1
洪金宝,6.6,1
槐破梦,6.6,1
_小_,6.6,1
刘锐,6.6,1
林韦君,6.59,8
杜德伟,6.58,4
王阳明,6.58,4
刘至翰,6.58,4
谢坤达,6.57,10
李志希,6.57,7
关颖,6.56,8
罗志祥,6.56,7
杨恭如,6.55,2
王传一,6.55,13
李龙吟,6.55,2
郑茵声,6.55,2
王淑娟,6.55,2
白梓轩,6.55,2
鲁文,6.55,2
陈淑芳,6.55,2
杜鹏,6.55,2
刘家,6.55,2
检场,6.55,4
任泉,6.55,2
徐少强,6.55,2
邱苡_,6.55,2
狄志杰,6.54,5
谢娜,6.53,3
邬倩倩,6.53,3
王承嫣,6.53,3
张琼姿,6.53,3
陈_骐,6.53,3
曾安琪,6.53,3
马之秦,6.52,4
应采灵,6.52,6
邱泽,6.52,9
杨铭威,6.52,5
李芳雯,6.52,4
邱__,6.5,1
李智楠,6.5,1
管乐,6.5,1
刘法鲁,6.5,1
郑伟,6.5,1
王光辉,6.5,1
游子_,6.5,1
洪流,6.5,1
Sing-lun Huang,6.5,1
Tu-Lin Ho,6.5,1
马维欣,6.5,1
卓胜利,6.5,1
王欣逸,6.5,1
许育菱,6.5,1
李季霞,6.5,1
元骏豪,6.5,1
Chiung-Yun Hsu,6.5,1
曾晴,6.5,1
小戽斗,6.5,1
王满娇,6.5,1
高鸣,6.5,1
李金铭,6.5,1
刘智伟,6.5,1
慕钰华,6.5,1
Duncan,6.5,1
蒋冰,6.5,2
何建贤,6.5,1
张敏,6.5,1
王惠春,6.5,1
林湘萍,6.5,1
潘淑钦,6.5,1
王道,6.5,1
张俊建,6.5,1
黄万伯,6.5,1
龙 隆,6.5,1
柯蓝,6.5,1
岳　翎,6.5,1
星卉,6.5,1
陈婉婷,6.5,1
骆炫铭,6.5,1
陈思函,6.5,1
李易峰,6.5,1
周子涵,6.5,1
贺军政,6.5,1
狄莺,6.5,1
李蕙英,6.5,1
房思瑜,6.5,7
渡边直美,6.5,1
马国明,6.5,1
汤姆・吴,6.5,1
托马斯・恰兴,6.5,1
杰森・王,6.5,1
克里斯多夫・泰克,6.5,1
卡・亚历山大,6.5,1
艾米莉娅・福克斯,6.5,1
德乌拉・基尔万,6.5,1
蒂姆・麦克纳尼,6.5,1
王艳,6.5,3
罗莎琳德・霍尔斯特德,6.5,1
丹尼尔・约克,6.5,1
张茵,6.5,1
罗刚,6.5,1
佘诗曼,6.5,1
徐子珊,6.5,1
梁佩诗,6.5,1
钟嘉欣,6.5,1
延政勋,6.5,1
郭冬临,6.5,1
淳于珊珊,6.5,1
陈佳佳,6.5,1
商蓉,6.5,1
谢闻轩,6.5,1
陶红,6.5,1
莫少聪,6.5,1
吴孟达,6.5,3
邱翊橙,6.5,2
沈昶宏,6.5,2
林宇中,6.5,2
李玖哲,6.5,2
安东尼・海斯,6.5,1
郭耀仁,6.5,1
黄秋生,6.5,1
温峥嵘,6.5,1
郑则仕,6.5,1
陈浩民,6.5,6
吴家丽,6.5,1
李进荣,6.5,1
连凯,6.5,1
王俊凯,6.5,1
王源,6.5,1
易烊千玺,6.5,1
刘威,6.5,1
孙桂田,6.5,2
黄其淋,6.5,1
钟镇涛,6.5,1
丁程鑫,6.5,1
约翰・西姆,6.5,1
陈德烈,6.5,6
Cindy Mong,6.5,1
王绘春,6.5,1
Pei Lin Tsai,6.5,1
王祖蓝,6.5,2
霍建华,6.49,9
陶_曼,6.48,4
李政颖,6.48,4
周采诗,6.47,6
陈德容,6.46,10
李小璐,6.46,5
张韶涵,6.46,5
洪诗,6.45,2
蔡_佑,6.45,2
陈诗颖,6.45,2
梁家榕,6.45,2
蔡颐榛,6.45,4
谭艾珍,6.45,4
刘延方,6.45,2
邱淑宜,6.45,2
朱德刚,6.45,4
温兆伦,6.45,2
王灿,6.42,5
林志颖,6.42,6
夏如芝,6.41,7
王俊,6.4,1
柯一正,6.4,1
禾语辰,6.4,1
吴兴国,6.4,1
李柏萱,6.4,1
瓦娜,6.4,1
关建莹,6.4,1
曹维轩,6.4,1
方季韦,6.4,1
袁耀发,6.4,1
柯念萱,6.4,1
姜超,6.4,1
翁子麒,6.4,1
江凯轩,6.4,1
5566,6.4,1
林鹤轩,6.4,1
卫莱,6.4,1
向梅,6.4,1
邢静媛,6.4,1
董敏莉,6.4,1
刘_宏,6.4,1
周文贤,6.4,1
申东靖,6.4,1
张庭伟,6.4,1
曹骏,6.4,1
钟宛婷,6.4,1
郭议鸿,6.4,1
麦桂源,6.4,1
周宏,6.4,1
谢君良,6.4,1
肖剑,6.4,1
范明,6.4,1
张瑜,6.4,1
林_永,6.4,1
陈怡蓉 Tammy Chen,6.4,1
关诗敏,6.4,1
景心洁,6.4,1
章可中,6.4,1
唐振刚,6.4,1
刘柏橘,6.4,1
李永展,6.4,1
叶安婷,6.4,2
孙明轩,6.4,1
尹嘎,6.4,1
杨保成,6.4,1
王庆军,6.4,1
郭凯旋,6.4,1
白云,6.4,2
_筠庭,6.4,1
郭采洁,6.4,4
赖亭君,6.4,3
江国宾,6.4,2
安东尼,6.4,2
王子,6.4,2
许腾方,6.4,4
何中天,6.4,1
_昀霖,6.4,1
张春燕,6.4,1
林育品,6.4,1
林芯仪,6.4,1
林诚,6.4,1
梁青,6.4,1
徐冬梅,6.4,1
邵敏,6.4,1
林映唯,6.4,1
姜宏波,6.4,1
郑罗茜,6.4,1
郝蕾,6.4,1
侯佩岑,6.4,1
舞思爱,6.4,1
于卉乔,6.4,1
张勋杰,6.39,12
杜诗梅,6.37,3
方文琳,6.37,3
王思平,6.37,7
陈红,6.37,3
利晴天,6.37,3
邓筠庭,6.35,2
廖家仪,6.35,2
刘_莹,6.35,2
胡宇威,6.35,8
黄湘怡,6.35,2
江宏恩,6.34,5
黄玉荣,6.33,3
邱琦雯,6.33,3
施易男,6.33,9
朱孝天,6.33,10
黄_怡,6.33,6
陈乔恩,6.32,10
_慷仁,6.3,1
张家宁,6.3,1
小薰,6.3,1
董伟伦,6.3,1
涂世_,6.3,1
古欣玉,6.3,1
丁宇辰,6.3,1
杨芸晴,6.3,1
陆子艺,6.3,1
孙天宇,6.3,1
隋俊波,6.3,1
佟丽娅,6.3,1
刘宸希,6.3,1
张明明,6.3,1
TORO,6.3,1
吕良伟,6.3,1
李小冉,6.3,1
陈盈燕,6.3,1
王彤,6.3,1
程纪纲,6.3,1
连晨翔,6.3,1
陈向熙,6.3,1
章雯淇,6.3,1
聂秉贤,6.3,1
安晨芯,6.3,1
夏泰立,6.3,1
宋芸桦,6.3,1
戴祖雄,6.3,1
李铨,6.3,1
游艾迪,6.3,1
姜育花,6.3,1
何苗,6.3,1
沈晓海,6.3,1
许还山,6.3,1
高峰,6.3,1
方圆,6.3,1
夏志祥,6.3,1
石亚军,6.3,1
钟鑫培,6.3,1
林珈安,6.3,2
袁岷,6.3,1
_孝全,6.3,1
蔡晶,6.3,1
蒋林静,6.3,1
俞峻峰,6.3,1
罗长安,6.3,1
欧阳秀文,6.3,1
高兰村,6.3,1
俞蓓蓓,6.3,1
陈慧楼,6.3,1
许立坤,6.3,1
王绕燕,6.3,1
陈靓芬,6.3,1
黄冠雄,6.3,1
王耿豪,6.3,1
徐__,6.3,1
杨淑华,6.3,1
高明,6.3,1
乔可欣,6.3,2
黄一飞,6.3,3
李倩蓉,6.3,2
王绍伟,6.3,3
姚元浩,6.29,12
雷瑟琳,6.28,4
郭军,6.28,4
黄仁德,6.27,3
曾之乔,6.27,14
陈玉莲,6.25,2
张瑞珈,6.25,2
黄泰安,6.25,2
侯彦西,6.25,2
许慧欣,6.25,2
殷悦,6.25,2
孙耀威,6.22,4
Spexial,6.2,1
何_蓓,6.2,1
JR,6.2,1
猪哥亮,6.2,1
杨升达,6.2,1
崔始源,6.2,1
李东海,6.2,1
许安安,6.2,1
黄镫辉,6.2,2
张力仁,6.2,1
廖语晴,6.2,1
赵菲芸,6.2,1
许玮宁,6.2,1
许亮宇,6.2,1
傅显皓,6.2,1
徐玉兰,6.2,1
郭珍霓,6.2,1
楚宣,6.2,1
赵骏亚,6.2,2
夏_,6.2,2
刘羽谦,6.2,1
彭敏嘉,6.2,1
李罗,6.2,2
傅_慈,6.2,1
赵树海,6.2,2
阿喜,6.2,1
廖丽风,6.2,1
文帅,6.2,2
罗时丰,6.2,1
林立青,6.2,1
骆力炜,6.2,1
林俊杰,6.2,2
张瑶,6.2,1
李玉凤,6.2,1
陈志明,6.2,1
范逸臣,6.2,1
梁文音,6.2,1
立威廉,6.18,4
高以翔,6.18,6
徐洁儿,6.17,3
韩雪,6.17,3
赵舜,6.17,3
唐丰,6.15,4
王瑜,6.15,2
廖亦_,6.15,2
班杰,6.15,2
李铁军,6.15,2
王凯蒂,6.13,3
陈莎莉,6.13,7
林美贞,6.12,5
汪东城,6.11,14
曾沛慈,6.11,8
明道,6.11,12
姚卓君,6.1,1
阴奕彤,6.1,1
陈涛,6.1,1
周汤豪,6.1,2
关少曾,6.1,1
刘苏,6.1,1
张家俊,6.1,1
李肖宁,6.1,1
刘奕宏,6.1,1
张丁懿,6.1,1
齐千郡,6.1,1
马启慧,6.1,1
杨子炫,6.1,1
王嘉晖,6.1,1
张静东,6.1,1
张如君,6.1,1
凤小岳,6.1,2
刘广厚,6.1,1
连俞涵 Cindy Lien Yu-Han,6.1,1
蓝爱子,6.1,1
藤_靛,6.1,1
孟月英,6.1,1
袁曼芬,6.1,1
赵芙丽,6.1,1
宋芮宁,6.1,1
岳虹,6.1,2
张波,6.1,1
包伟铭,6.1,2
佐藤麻衣,6.1,2
文忠,6.1,1
王美雪,6.1,1
梁心颐,6.1,2
冯玮君,6.1,1
毕瀚文,6.1,1
戚一鸣,6.1,1
王小红,6.1,1
乌日根,6.1,1
关悦,6.1,1
米杨,6.1,1
于子宽,6.1,1
贾孝国,6.1,2
董可飞,6.1,1
卜学亮,6.08,5
曾允柔,6.08,4
许绍洋,6.08,4
丁春诚,6.08,5
顾宝明,6.07,6
贺军翔,6.07,13
蔡卓妍,6.05,2
周笑莉,6.05,2
王_一,6.05,2
吴克群,6.05,2
林逸欣  Shara Lin,6.05,2
陈昭荣,6.05,4
张_杰,6.05,2
张立威,6.05,2
袁艾菲,6.05,2
李毓芬,6.03,6
曾恺_,6.03,6
黄_婷,6.0,1
郭婕祈,6.0,1
刘俊纬,6.0,1
王馥荔,6.0,1
聂远,6.0,1
藤冈靛,6.0,3
张筱婕,6.0,1
廖俊杰,6.0,1
沈傲君,6.0,1
张晓龙,6.0,1
浩然,6.0,1
蔡_彤,6.0,1
曾国祥,6.0,1
周宜霈,6.0,1
周汤豪/Nick,6.0,1
敖犬,6.0,3
蒋怡,6.0,2
刘书宏,6.0,4
___,6.0,1
_其君,6.0,1
斯琴高娃,6.0,2
贾青,6.0,1
郑雪儿,6.0,1
金佳,6.0,1
高浩钧,6.0,1
喻虹渊,6.0,5
张雁名,6.0,2
许君豪,6.0,1
柳岩,6.0,1
洪胜德,5.97,3
何润东,5.96,7
郁芳,5.95,2
马国毕,5.95,2
古巨基,5.95,2
吴尊,5.93,6
辰亦儒,5.91,7
周知,5.9,1
钟燕平,5.9,1
李玉玺,5.9,2
陈妍希,5.9,6
楚萱,5.9,1
李相林,5.9,2
许茹芸,5.9,1
刘栋,5.9,1
边潇潇,5.9,1
肖楠,5.9,1
徐僧,5.9,1
郑小民,5.9,1
于晓光,5.9,1
宋纪妍,5.9,2
张大雷,5.9,1
康丁,5.9,1
杨奇煜,5.9,2
郝劭文,5.9,3
刘小宝,5.9,1
张琳琳,5.9,1
陈子强,5.9,1
杨杰宇,5.9,1
陈歆_,5.9,1
丁力祺,5.9,1
应采儿,5.9,2
刘心宇,5.9,1
陈霆,5.9,1
陈司翰,5.9,1
傅天颖,5.9,1
陈熙峰,5.9,1
金沛辰,5.9,3
梁又南,5.9,1
柯妍希,5.9,1
谈学斌,5.9,1
杨绣惠,5.9,1
孙协志,5.9,1
蔡小彬,5.9,1
王豪,5.9,1
李燕,5.9,1
纪亚文,5.9,2
董璇,5.9,1
具惠善,5.9,1
林嘉俐,5.9,1
福本幸子,5.9,1
陈至恺,5.88,5
徐若_,5.87,3
赵小侨,5.87,4
冯绍峰,5.85,2
昆凌,5.85,2
李志坚,5.85,2
詹子晴,5.83,3
刘涛,5.83,3
张栋梁,5.82,4
罗弘证,5.81,7
祁明远,5.8,1
张晓明,5.8,1
池华琼,5.8,1
王宇,5.8,1
陈姿颖,5.8,1
施大生,5.8,1
蔡琳,5.8,1
杨韵禾,5.8,1
郭尧中,5.8,1
姚安琪,5.8,1
蔡依林,5.8,1
张蓓蓓,5.8,1
徐筠,5.8,1
程皓枫,5.8,1
方舟波,5.8,1
赵娜娜,5.8,1
连奕名,5.8,1
刘容嘉,5.8,1
金士会,5.8,1
芳玉,5.8,1
韩湘琴,5.8,1
牟希宗,5.8,1
傅碧辉,5.8,1
江岱恩,5.8,1
蓝丽婷,5.8,1
李威仪,5.8,1
毛训容,5.8,1
王佳莉,5.8,1
李星瑶,5.8,1
汤兰花,5.8,1
胡惠玲,5.8,1
郭慧雯,5.8,1
邹琳琳,5.8,1
钟本伟,5.8,1
屈_洁,5.8,1
蔡立群,5.8,1
陈尊文,5.8,1
邱品睿,5.8,1
刘序浩,5.8,1
王岳棠,5.8,1
张家慧,5.8,1
吕晓霖,5.8,1
黄文星,5.8,1
ㄚ头,5.8,1
小熏,5.8,1
阿纬,5.8,1
汪芫,5.8,1
欧燕萍（欧萱）,5.8,1
高山峰,5.8,5
李_,5.8,2
沈建宏,5.8,3
宋冈陵,5.8,2
邱胜翊,5.8,4
颜行书,5.8,3
张心妍,5.8,2
朴政珉,5.8,1
于荣光,5.8,1
王予柔,5.8,1
廖锦德,5.8,1
裴琳,5.8,1
任达华,5.8,1
张骏平,5.8,1
姚之宁,5.8,1
黄坤玄,5.8,1
罗海琼,5.8,1
吴亚馨,5.8,3
文雨非,5.78,4
陶传正,5.77,3
王心凌,5.77,6
陈俊生,5.75,2
刘莉莉,5.75,2
吴晓敏,5.7,1
郭晓婷,5.7,1
王雨,5.7,1
何志峰,5.7,1
吴建飞,5.7,1
唐川,5.7,1
弦子,5.7,1
毛俊杰,5.7,1
周子琪,5.7,1
吴玉芳,5.7,1
郑湘云,5.7,1
郑晓宁,5.7,1
方岑,5.7,1
丁文琪,5.7,1
小8,5.7,1
刘伊心,5.7,1
袁俪珊,5.7,1
大野,5.7,1
千田爱纱,5.7,1
温翠苹,5.7,1
韩在石,5.7,1
付辛博,5.7,1
吴宗宪,5.7,2
任家萱,5.7,1
博焱,5.7,4
田中千绘,5.7,2
杨佑宁,5.7,2
胡雅斯,5.7,1
王彪,5.7,1
简汉忠,5.7,1
简庆宗,5.7,1
宋米秦,5.7,1
Amanda,5.7,1
明杰,5.7,2
邱苡晰,5.7,1
AIR,5.7,1
高玉珊,5.7,1
倪景阳,5.7,1
梅婷,5.7,1
阿本,5.68,5
魏蔓,5.65,8
高怡平,5.6,1
SHE,5.6,1
陈晓东,5.6,1
聂云,5.6,1
_庭妮,5.6,1
_河,5.6,1
_佳_,5.6,1
彭晓彤,5.6,1
邵庭,5.6,2
小娴,5.6,1
许孟哲,5.6,4
黄伟晋,5.6,3
吴冕,5.6,1
张默,5.6,1
曾志伟,5.6,2
_晴,5.6,1
刘威葳,5.6,1
王德生,5.6,2
保剑锋,5.6,1
高浩原,5.6,2
黄勐,5.57,3
张伦硕,5.55,2
秦杨,5.55,2
陈奕,5.52,4
宁静,5.5,1
欧阳震华,5.5,1
王学兵,5.5,1
夏靖庭,5.5,1
王牧语,5.5,1
林子闳,5.48,4
蔡芷纭,5.46,9
蔡尚甫,5.4,2
胡芸榛,5.4,1
_如_,5.4,1
长泽雅美,5.4,1
吉杰,5.4,1
_魁,5.4,1
_蔚民,5.4,1
卓文萱,5.4,8
_有_,5.4,1
增山裕_,5.4,1
洪天祥,5.4,1
郭静纯,5.4,2
魏鸿柏,5.4,1
夏语心,5.4,1
林采缇,5.4,1
黄晓明,5.35,2
吴倩莲,5.35,2
任贤齐,5.35,2
刘佳,5.3,1
李逸男,5.3,1
袁子芸,5.3,1
黄德毅,5.3,1
宋海颉,5.3,1
黄圣池,5.3,1
范晓东,5.3,1
丁可,5.3,1
代乐乐,5.3,1
李若嘉,5.3,1
金珈,5.3,1
宋茜,5.3,1
周觅,5.3,1
邵翔,5.3,1
张朝闵,5.3,1
吕曼茵,5.3,1
陈欣予,5.3,1
麦迪娜,5.3,1
秦俊杰,5.3,1
洪卓立,5.3,1
郭彦甫,5.3,2
小煜,5.3,2
张雪迎,5.3,1
牛奶,5.3,1
郭彦均,5.25,2
朴信惠,5.25,2
马振桓,5.2,2
李昂霖,5.2,1
纪言恺,5.2,1
黄靖伦,5.2,1
王俐人,5.2,1
蝴蝶,5.2,1
秦岚,5.2,2
曹颖,5.2,2
中野良子,5.1,1
武藤美幸,5.1,1
张峻宁,5.1,1
向云鹏,5.1,1
潘宏彬,5.1,1
丁华宠,5.1,1
戈伟家,5.1,1
李天翔,5.1,1
冼焕贞,5.1,1
刘梓妍,5.1,1
吴洛缨,5.1,1
杨钧钧,5.1,1
林更新,5.1,1
张嘉倪,5.1,2
张芯瑜,5.1,4
胡兵,5.1,1
林奕勋,5.03,3
蔡宜臻,5.0,2
涂松岩,5.0,1
利昂霖,4.95,2
李晟,4.9,3
朱镇模,4.8,1
陈彦壮,4.8,1
汉宗,4.8,1
林智贤,4.8,1
龟爷,4.8,1
黄羿真,4.8,1
穆熙妍,4.8,1
万茜,4.8,1
杨紫,4.8,1
赵魏,4.8,1
黄奕,4.8,1
周马太,4.8,1
马伊_,4.8,1
吴志丰,4.8,1
高宇廷,4.8,1
黄子佼,4.8,1
何笃霖,4.8,1
杨淇,4.8,1
唐国忠,4.8,1
苏品杰,4.8,1
陈昱丞,4.8,1
彭若仪,4.8,1
李依瑾,4.8,1
张皓明,4.8,2
蒋蕊泽,4.8,1
何海东,4.8,1
赵志伟,4.8,1
城田优,4.7,1
郭世伦,4.7,1
丁国琳,4.7,1
李妍憬,4.7,1
山本裕典,4.7,1
黑泽良平,4.7,1
茵芙,4.65,2
马可,4.6,1
郭__,4.6,1
井柏然,4.6,1
王心如,4.6,1
王子（邱_翊）,4.6,1
陈柏伦,4.6,1
张铎,4.5,1
李茜,4.5,1
何云伟,4.5,1
康福震,4.5,1
刘迪妮,4.5,1
牛飘,4.5,1
杜海涛,4.5,1
明俊臣,4.5,1
方文山,4.5,1
张峰奇,4.5,1
康康,4.5,1
沈玉琳,4.5,1
曾子馀,4.5,2
韩栋,4.5,1
唐嫣,4.4,1
田京泉,4.4,1
斓曦,4.4,1
李雨泽,4.4,1
张若昀,4.4,1
周杰伦,4.4,1
江语晨,4.4,1
詹宇豪,4.4,1
宋健彰,4.4,1
阿KEN,4.3,1
惠天赐,4.2,1
张睿,4.15,2
吴卓羲,4.1,1
于娜,4.1,1
孙耀琦,4.0,2
_以_,3.7,1
席惟_,3.7,1
_心_,3.7,1
赵丽颖,3.5,1
海陆,3.5,1
周放,3.5,1
王今铎,3.5,1
路宏,3.5,1
方青卓,3.5,1
高梓淇,3.5,1
班杰明,3.5,1
李佳航,3.5,1
邓萃雯,3.5,1
徐开骋,3.4,1
曹曦月,3.4,1
林芯蕾,3.3,1
曾昱嘉,3.3,1
陈德_,3.3,1
王友良,3.3,1
刘纪范,3.3,1
黄宏轩,3.3,1
黄得_,3.3,1
李础业,3.3,1
